time,open,high,low,close,Fixed Stop Loss,Supertrend Stop,Take Profit,Up Trend,Down Trend,Entry1,Entry2,SMA 21,Entry Signal,K,D,%R,%R
1752486480,140.6,146.35,140.1,146.3,NaN,NaN,NaN,134.27230365170774,NaN,0,0,145.5938901016138,0,37.768710238175935,41.82301336172878,-56.249999999999936,-55.72254335260114
1752486540,146.4,146.7,144.25,144.8,NaN,NaN,NaN,134.27230365170774,NaN,0,0,145.4946538389121,0,42.33680234095433,38.58151409608504,-66.6666666666666,-59.04872389791182
1752486600,145.2,145.65,142.8,143.65,NaN,NaN,NaN,134.27230365170774,NaN,0,0,145.26407210904807,0,50.24509620538071,43.45020292817031,-54.37499999999993,-42.00351493848855
1752486660,143.8,144.2,142.8,144,NaN,NaN,NaN,134.27230365170774,NaN,0,0,145.10606309541706,0,42.22883213190415,44.936910226079725,-40.298507462686466,-40.77328646748682
1752486720,144,144,139.9,140.65,NaN,NaN,NaN,134.27230365170774,NaN,0,0,144.54905520848993,0,27.98855891879077,40.15416241869187,-88.97058823529409,-52.54833040421791
1752486780,141.5,144.35,141,143.9,NaN,NaN,NaN,134.27230365170774,NaN,0,0,144.4679233074287,0,31.973065167513045,34.06348540606931,-41.17647058823515,-41.12478031634444
1752486840,144.1,145.45,143.5,144,NaN,NaN,NaN,134.27230365170774,NaN,0,0,144.4094328940001,0,47.0058054925457,35.65580985961649,-39.70588235294111,-40.77328646748682
1752486900,143.9,144.65,142.4,143.45,NaN,NaN,NaN,134.27230365170774,NaN,0,0,144.28950378225008,0,68.80288007833205,49.26058357946359,-47.79411764705895,-42.7065026362039
1752486960,143.4,143.55,141,143.05,NaN,NaN,NaN,134.27230365170774,NaN,0,0,144.13456580946882,0,75.19560477851415,63.66809678313063,-53.67647058823509,-44.1124780316344
1752487020,143.2,143.85,141.9,142.3,NaN,NaN,NaN,134.27230365170774,NaN,0,0,143.90524508328522,0,64.60037787017033,69.53295424233885,-64.705882352941,-47.92792792792786
1752487080,141.95,143.05,139.9,141,NaN,NaN,NaN,134.27230365170774,NaN,0,0,143.54208944787456,0,48.8627213183703,62.88623465568492,-80.8695652173914,-64.88888888888887
1752487140,140.95,142.25,138.5,138.8,NaN,NaN,NaN,134.27230365170774,NaN,0,0,142.94932826689023,0,26.54632352196405,46.66980757016822,-95.6834532374099,-85.06329113924042
1752551100,147.65,147.7,108.05,111.25,NaN,NaN,NaN,NaN,149.32371880076016,0,0,138.98691223352895,0,9.066636322892057,28.158560387742124,-91.92938209331652,-93.27024185068348
1752551160,113.9,121.55,113.9,118.1,NaN,NaN,NaN,NaN,140.11884692068415,0,0,136.37604820433785,0,11.522114838636972,15.711691561164345,-74.6532156368222,-78.86435331230284
1752551220,119,123.95,119,123.25,NaN,NaN,NaN,NaN,140.11884692068415,1,0,134.73529217879562,0,31.403962202166053,17.33090445456501,-61.66456494325346,-68.03364879074658
1752551280,125.9,125.9,120.75,120.75,115.85499999999999,NaN,135.25,NaN,140.11884692068415,0,0,132.98713065644617,0,49.37278024068045,30.76628576049448,-67.96973518284993,-73.2912723449001
1752551340,120.4,120.7,115.5,116.1,NaN,NaN,NaN,NaN,138.81216440517875,0,0,130.87623932439038,0,52.450750096430944,44.40916417975913,-79.69735182849938,-83.07045215562566
1752551400,115.25,119.1,113.7,114.05,NaN,NaN,NaN,NaN,136.66094796466086,0,0,128.7729594088416,0,45.75277515274075,49.1921018299507,-84.86759142496847,-87.38170347003155
1752551460,114.3,114.95,107,112.45,NaN,NaN,NaN,NaN,131.5948531681948,0,0,126.73258948273639,0,39.85581543879857,46.01978022932341,-86.6093366093366,-88.78600823045267
1752551520,113.55,118.6,113.55,115.8,NaN,NaN,NaN,NaN,131.5948531681948,0,0,125.36601579739434,0,43.007816114185346,42.87213556857487,-78.37837837837837,-81.43459915611815
1752551580,116.4,116.4,111.05,114,NaN,NaN,NaN,NaN,131.5948531681948,0,0,123.94526382272005,0,46.57280720786912,43.14547958695099,-82.80098280098281,-85.23206751054852
1752551640,113.4,113.4,104.75,106.4,NaN,NaN,NaN,NaN,129.82082295961402,0,0,121.75210584488005,0,45.77444742861059,45.11835691688834,-92.19858156028366,-96.18497109826588
1752551700,107.25,111.75,107.15,110.75,NaN,NaN,NaN,NaN,129.72624066365262,0,0,120.37684261427005,0,47.68086922922931,46.67604128856966,-71.63120567375887,-86.0302677532014
1752551760,111,117.25,111,116.55,NaN,NaN,NaN,NaN,129.72624066365262,1,0,119.89848728748629,0,62.441984684340156,51.96576711406001,-44.20803782505913,-72.52619324796275
1752551820,116.05,117.75,111.3,113.55,109.55699999999999,NaN,128.55,NaN,129.72624066365262,0,0,119.10492637655051,0,81.1039249305441,63.742259614704516,-44.82758620689658,-79.51105937136205
1752551880,113.15,113.9,107,107.25,NaN,NaN,NaN,NaN,129.72624066365262,0,0,117.62306057948169,0,84.8940456561621,76.14665175701545,-82.57839721254355,-94.17927823050059
1752551940,107.8,109.9,107,108.05,NaN,NaN,NaN,NaN,127.47514149942248,0,0,116.42642800704648,0,72.64137173603262,79.54644744091293,-76.17328519855597,-92.31664726426077
1752552000,106.55,112.45,101.15,110.05,NaN,NaN,NaN,NaN,127.31262734948024,0,0,115.62937450616568,0,68.53169081205867,75.35570273475112,-48.99713467048713,-80.88077336197638
1752552060,110.5,117.75,109.2,115,NaN,NaN,NaN,NaN,127.31262734948024,1,0,115.55070269289496,0,78.41639624938104,73.1964862658241,-16.56626506024097,-70.24704618689582
1752552120,114.9,116.3,111.05,111.35,108.1,NaN,127,NaN,127.31262734948024,0,0,115.02561485628308,0,86.20840180137971,77.7188296209398,-38.554216867469925,-78.08807733619766
1752552180,111.05,116.3,106.3,116.3,NaN,NaN,NaN,NaN,127.31262734948024,0,0,115.1849129992477,0,93.71597726716938,86.11359177264336,-8.734939759036164,-67.45435016111708
1752552240,115.75,118.25,109.3,110.55,NaN,NaN,NaN,NaN,127.31262734948024,0,0,114.60554887434174,0,85.15967469260805,88.36135125371902,-45.0292397660819,-79.80665950590763
1752552300,110.35,117.55,110.35,115.1,NaN,NaN,NaN,NaN,127.31262734948024,0,0,114.66735526504903,0,91.44369742543869,90.10644979507202,-18.421052631578988,-70.03222341568208
1752552360,115.65,122.7,113.4,120.95,NaN,NaN,NaN,NaN,127.31262734948024,0,0,115.4526858569179,0,91.44369742543869,89.34902318116178,-8.120649651972158,-57.46509129967776
1752552420,120.8,123.2,118.5,122.7,NaN,NaN,NaN,NaN,127.31262734948024,0,0,116.35860012480316,0,100.00000000000001,94.29579828362579,-2.267573696145125,-53.70569280343715
1752552480,122.35,122.6,115.75,117.25,NaN,NaN,NaN,NaN,127.31262734948024,0,0,116.47002510920277,0,91.44849792343507,94.29739844962457,-26.984126984127,-65.41353383458647
1752552540,116.9,121.6,116.05,120.5,NaN,NaN,NaN,NaN,127.31262734948024,0,0,116.97377197055242,0,87.98156310283666,93.1433536754239,-15.976331360946757,-58.431793770139635
1752552600,120.2,129.95,118.5,124.75,NaN,NaN,NaN,NaN,127.31262734948024,0,0,117.94580047423337,0,87.98156310283666,89.13720804303613,-21.987315010570786,-49.30182599355532
1752552660,125.55,136.3,125.55,134,NaN,NaN,NaN,107.26214824855609,NaN,0,0,119.9525754149542,0,96.53306517940162,90.83206379502496,-7.666666666666701,-29.430719656283554
1752552720,135.55,137.45,127.95,130.55,NaN,NaN,NaN,108.55343342370045,NaN,0,0,121.27725348808492,0,95.64664583551563,93.38709137258462,-24.51154529307275,-36.84210526315786
1752552780,131.35,139.4,131,138.2,NaN,NaN,NaN,110.81309008133042,NaN,0,0,123.39259680207431,0,95.64664583551564,95.94211895014428,-4.130808950086116,-3.1372549019608287
1752552840,138.2,139.15,133.3,136.55,NaN,NaN,NaN,112.52178107319742,NaN,0,0,125.03727220181503,0,93.17088544390526,94.8213923716455,-10.96153846153844,-7.450980392156848
1752552900,136.55,142.2,136.25,139.25,NaN,NaN,NaN,116.10710296587764,NaN,0,0,126.81386317658814,0,97.52423960838966,95.4472569626035,-11.153119092627561,-7.186358099878173
1752552960,139.2,145.4,134.25,134.25,NaN,NaN,NaN,116.10710296587764,NaN,0,0,127.74338027951462,0,89.63971602466655,93.4449470256538,-37.6053962900506,-25.19774011299436
1752553020,134.4,135.4,126,127.6,NaN,NaN,NaN,116.10710296587764,NaN,0,0,127.7254577445753,0,74.96035214919375,87.37476926074997,-60.64735945485522,-40.225988700565
1752553080,128.15,134.55,127.8,134.3,NaN,NaN,NaN,116.10710296587764,NaN,0,0,128.54727552650337,0,62.81752960137968,75.80586592507997,-41.26394052044607,-25.084745762711854
1752553140,133.95,133.95,129.85,130.8,NaN,NaN,NaN,116.10710296587764,NaN,0,0,128.82886608569044,0,50.17867897571167,62.652186908761685,-73.55163727959692,-32.99435028248587
1752553200,131.85,132.9,128.5,129.3,NaN,NaN,NaN,116.10710296587764,NaN,0,0,128.88775782497913,0,43.92077298532214,52.30566052080448,-82.98969072164944,-36.38418079096044
1752553260,130.4,130.4,119.55,119.55,NaN,NaN,NaN,116.10710296587764,NaN,0,0,127.72053809685674,0,22.730262199802876,38.94323805361221,-100,-58.41807909604522
1752553320,119.05,121.45,117.9,120.7,NaN,NaN,NaN,116.10710296587764,NaN,0,0,126.84297083474965,0,11.778938192341256,26.143324459155405,-89.81818181818184,-55.819209039548035
1752553380,121.45,122.8,117.95,119.45,NaN,NaN,NaN,116.10710296587764,NaN,0,0,125.91884948040594,0,1.9784530335236468,12.16255114188924,-94.36363636363637,-58.64406779661018
1752553440,120.1,130.25,118.6,130.25,NaN,NaN,NaN,116.10710296587764,NaN,0,0,126.4602432953552,0,18.66045573243753,10.805948986100793,-55.09090909090911,-34.23728813559323
1752553500,129.2,135.2,127.95,130,NaN,NaN,NaN,116.10710296587764,NaN,0,0,126.9027128834358,0,33.087633223304245,17.908847329755123,-30.85714285714289,-34.80225988700566
1752553560,131.2,133.95,130.9,132.75,NaN,NaN,NaN,116.10710296587764,NaN,0,0,127.63362377300632,0,53.16048131684446,34.969523424195394,-14.161849710982608,-28.587570621468938
1752553620,133.15,133.7,125.55,125.55,NaN,NaN,NaN,116.10710296587764,NaN,0,0,127.37317080138052,0,45.08783784837675,43.778650796175135,-55.78034682080925,-44.858757062146914
1752553680,126.4,133.9,126.4,132.7,NaN,NaN,NaN,116.10710296587764,NaN,0,0,128.03902445120795,0,47.54320752228653,48.597175562502564,-14.450867052023135,-32.48081841432229
1752553740,132,133.4,130.5,132.25,NaN,NaN,NaN,116.10710296587764,NaN,0,0,128.56539639480695,0,52.44562283675263,48.35888940247195,-17.052023121387233,-33.631713554987215
1752553800,131.6,134.55,128,130.2,NaN,NaN,NaN,116.10710296587764,NaN,0,0,128.76972184545608,0,65.95171693327994,55.31351576410634,-28.90173410404627,-38.87468030690541
1752553860,129.7,131.9,125.8,126.85,NaN,NaN,NaN,116.10710296587764,NaN,0,0,128.52975661477407,0,60.9651212256472,59.7874869985599,-48.40579710144928,-51.38504155124656
1752553920,127.05,127.05,121.45,121.45,NaN,NaN,NaN,116.10710296587764,NaN,0,0,127.64478703792732,0,37.306270636282854,54.74103626506999,-82.83132530120477,-68.33095577746076
1752553980,120.5,125.9,119.4,124,NaN,NaN,NaN,116.10710296587764,NaN,0,0,127.1891886581864,0,23.970679457997676,40.74735710664256,-70.8860759493671,-66.87500000000001
1752554040,123.6,124.35,121.5,122.15,NaN,NaN,NaN,116.10710296587764,NaN,0,0,126.5592900759131,0,14.23869796444725,25.171882686242572,-81.84818481848185,-78.4148397976391
1752554100,122.4,125.15,121.35,122.65,NaN,NaN,NaN,116.10710296587764,NaN,0,0,126.07062881642396,0,18.233318140755458,18.814231854400127,-78.54785478547855,-76.72849915682967
1752554160,122.55,123.9,119.35,121.3,NaN,NaN,NaN,116.10710296587764,NaN,0,0,125.47430021437097,0,11.06944719122896,14.513821098810554,-87.17105263157895,-82.11243611584328
1752554220,121,121.35,117.5,119.45,NaN,NaN,NaN,116.10710296587764,NaN,0,0,124.7212626875746,0,7.046842111155031,12.116535814379816,-88.56304985337243,-93.01075268817205
1752554280,119.85,121,117.05,119.4,NaN,NaN,NaN,116.10710296587764,NaN,0,0,124.05610485162777,0,1.615991199161846,6.577426833848612,-86.57142857142853,-91.71075837742502
1752554340,118.7,121.85,118.4,121.85,NaN,NaN,NaN,116.10710296587764,NaN,0,0,123.7803417451743,0,8.645320771851823,5.7693846940562326,-67.67676767676771,-83.06878306878308
1752554400,121.85,123.5,118.45,118.5,NaN,NaN,NaN,116.10710296587764,NaN,0,0,123.12029902702751,0,8.645320771851823,6.302210914288498,-85.49999999999997,-94.8853615520282
1752554460,118.3,120.95,115.95,118.75,NaN,NaN,NaN,116.10710296587764,NaN,0,0,122.57401164864908,0,9.626171989641204,8.972271177781616,-71.85929648241209,-90.49235993208829
1752554520,118.7,119.9,114.85,115.5,NaN,NaN,NaN,NaN,133.054563592046,0,0,121.68976019256795,0,0.9808512177893766,6.417447993094135,-93.68932038834947,-97.87234042553189
1752554580,115.05,119.7,113.7,118.8,NaN,NaN,NaN,NaN,132.6116072328414,0,0,121.32854016849696,0,13.598269959481206,8.068431055637262,-55.45851528384286,-83.91167192429025
1752554640,118.85,118.95,116,116.65,NaN,NaN,NaN,NaN,132.6116072328414,0,0,120.74372264743484,0,21.051932013796996,11.87701773035586,-71.078431372549,-86.40552995391704
1752554700,116.4,116.7,113.5,115.9,NaN,NaN,NaN,NaN,129.74490185860154,0,0,120.13825731650549,0,28.16107693551456,20.937092969597586,-75.99999999999994,-88.94009216589858
1752554760,115.55,118.5,115,117.45,NaN,NaN,NaN,NaN,129.74490185860154,0,0,119.80222515194231,0,33.413084003037916,27.54203098411649,-60.49999999999998,-81.79723502304145
1752554820,117.55,120.4,115.45,118.25,NaN,NaN,NaN,NaN,129.74490185860154,1,0,119.60819700794951,0,51.75446236575954,37.77620776810401,-52.5,-78.110599078341
1752554880,118.15,125.1,118.15,123.05,111.15499999999999,NaN,130.25,NaN,129.74490185860154,0,0,120.03842238195583,0,77.97865077737531,54.38206571539092,-17.672413793103434,-55.990783410138235
1752554940,123.05,123.9,120.95,123.2,111.15499999999999,NaN,130.25,NaN,129.74490185860154,0,0,120.43361958421134,0,93.44255830149348,74.39189048154277,-16.37931034482752,-55.299539170506876
1752555000,123.85,124.5,121.6,122,111.15499999999999,NaN,130.25,NaN,129.74490185860154,0,0,120.62941713618493,0,95.06189611026764,88.82770172971215,-26.72413793103445,-60.82949308755758
1752555060,122.05,127.65,121.2,126.35,111.15499999999999,NaN,130.25,NaN,129.74490185860154,0,0,121.3444899941618,0,95.06189611026764,94.52211684067625,-9.187279151943539,-40.78341013824884
1752555120,126.3,128.9,125.6,128.25,111.15499999999999,NaN,130.25,NaN,129.74490185860154,0,0,122.20767874489158,0,95.06189611026764,95.06189611026764,-4.2207792207792565,-32.02764976958522
1752555180,127.85,128.3,125.3,126.95,111.15499999999999,NaN,130.25,NaN,129.74490185860154,0,0,122.80046890178014,0,96.0545598573097,95.39278402594833,-12.662337662337675,-36.10451306413304
1752555240,126.25,129.85,125.4,128.5,111.15499999999999,NaN,130.25,NaN,129.74490185860154,0,0,123.51291028905761,0,95.68519965766166,95.60055187507966,-9.090909090909056,-28.741092636579612
1752555300,128.5,129.1,124.4,125.35,111.15499999999999,NaN,130.25,NaN,129.74490185860154,0,0,123.7425465029254,0,85.76076467065214,92.50017472854115,-31.250000000000018,-43.70546318289792
1752555360,125.7,126.9,122.6,123.6,111.15499999999999,NaN,130.25,NaN,129.74490185860154,0,0,123.72472819005974,0,73.50057475090733,84.9821796930737,-53.41880341880347,-52.01900237529697
1752555420,123.3,123.3,119,119.25,111.15499999999999,NaN,130.25,NaN,129.74490185860154,0,0,123.16538716630227,0,45.73249851323495,68.33127931159812,-97.69585253456222,-72.68408551068885
1752555480,119.4,119.4,116.65,117.1,111.15499999999999,NaN,130.25,NaN,129.74490185860154,0,0,122.40721377051449,0,22.323600166911117,47.18555781035113,-96.59090909090918,-80.43478260869568
1752555540,117.95,117.95,115.15,115.55,111.15499999999999,NaN,130.25,NaN,129.02539894718998,0,0,121.55006204920018,0,5.195896896012897,24.417331858719653,-97.27891156462591,-87.46177370030583
1752555600,115.9,116.1,112.9,113.05,111.15499999999999,NaN,130.25,NaN,126.68785905247098,0,0,120.48755429305015,0,-6.5133084111342514e-15,9.173165687641339,-99.11504424778767,-99.11504424778767
1752555660,111.9,113.1,107.5,108.5,NaN,NaN,NaN,NaN,122.94907314722388,0,0,118.98911000641888,0,-6.5133084111342514e-15,1.7319656320042982,-95.52572706935123,-95.52572706935123
1752555720,108.05,111.4,107.45,108.35,NaN,NaN,NaN,NaN,121.99416583250151,0,0,117.65922125561653,0,-6.5133084111342514e-15,-3.0592812234115422e-15,-95.98214285714289,-95.98214285714289
1752555780,108.2,109.45,105.6,106.15,NaN,NaN,NaN,NaN,119.99224924925136,0,0,116.22056859866447,0,-6.5133084111342514e-15,-3.0592812234115422e-15,-97.65957446808507,-97.73195876288656
1752555840,106.3,107.6,105.9,106.8,NaN,NaN,NaN,NaN,118.48052432432621,0,0,115.04299752383142,0,1.6530761313870563,0.5510253771290144,-94.36619718309858,-95.05154639175255
1752555900,106.15,106.15,103,105.25,NaN,NaN,NaN,NaN,116.27247189189359,0,0,113.81887283335249,0,1.6530761313870563,1.1020507542580356,-88.91625615763547,-91.62011173184358
1752555960,105.4,107.3,103.6,104.35,NaN,NaN,NaN,NaN,116.27247189189359,0,0,112.63526372918342,0,1.6530761313870563,1.6530761313870563,-91.76829268292687,-94.97206703910616
1752556020,103.9,105.1,102.65,103.35,NaN,NaN,NaN,NaN,115.0839522324338,0,0,111.4746057630355,0,-6.5133084111342514e-15,1.1020507542580353,-95.42483660130726,-97.42647058823533
1752556080,103.35,103.8,99.1,100.95,NaN,NaN,NaN,NaN,112.94805700919042,0,0,110.15903004265606,0,-6.5133084111342514e-15,0.5510253771290144,-89.11764705882348,-93.98373983739835
1752556140,100.65,100.9,96.15,98.1,NaN,NaN,NaN,NaN,110.31325130827139,0,0,108.65165128732404,0,-6.5133084111342514e-15,-6.463965165595356e-15,-88.495575221239,-94.21364985163208
1752556200,97,99.1,97,98.9,NaN,NaN,NaN,NaN,109.28942617744424,0,0,107.43269487640853,0,3.4233676304706067,1.1411225434901977,-81.9672131147541,-91.83976261127597
1752556260,98.7,99.6,98,99.3,NaN,NaN,NaN,NaN,109.28942617744424,0,0,106.41610801685746,0,9.378145213594776,4.267170948021792,-76.31578947368428,-90.65281899109794
1752556320,99.4,99.4,94.6,96.3,NaN,NaN,NaN,NaN,107.97593520372983,0,0,105.15159451475029,0,10.300128753510768,7.700547199192051,-86.9230769230769,-95.17730496453899
1752556380,96.2,96.8,93.3,96.55,NaN,NaN,NaN,NaN,105.97834168335686,0,0,104.0763952004065,0,9.79053989607553,9.822937954393693,-76.78571428571429,-91.1080711354309
1752556440,95.95,97.35,95.3,96.4,NaN,NaN,NaN,NaN,105.97834168335686,0,0,103.11684580035569,0,7.69158263477415,9.260750428120149,-77.85714285714279,-91.51846785225716
1752556500,95.6,98.25,94.8,96.95,NaN,NaN,NaN,NaN,105.97834168335686,0,0,102.34599007531124,0,17.464434125380812,11.648852218743498,-69.06779661016944,-90.01367989056085
1752556560,96.7,97.75,94.45,97.75,NaN,NaN,NaN,NaN,105.97834168335686,0,0,101.77149131589734,0,36.88901934039461,20.68167870018319,-57.6190476190476,-87.82489740082079
1752556620,98.05,98.3,96.2,96.6,NaN,NaN,NaN,NaN,105.97834168335686,0,0,101.12505490141017,0,49.29100662170753,34.54815336249432,-56.57894736842114,-90.97127222982216
1752556680,96.7,97,94.5,95.1,NaN,NaN,NaN,NaN,105.47999298060539,0,0,100.3719230387339,0,49.36262872449735,45.18088489553316,-71.42857142857146,-95.07523939808482
1752556740,94.65,95.9,94.15,94.8,NaN,NaN,NaN,NaN,104.30699368254486,0,0,99.67543265889216,0,37.34644480357502,45.33336004992663,-76.19047619047618,-95.89603283173734
1752556800,94.2,95.5,90.3,92.85,NaN,NaN,NaN,NaN,102.81379431429036,0,0,98.82225357653064,0,21.088637200439308,35.93257024283722,-71.97802197802204,-93.55246523388116
1752556860,92.45,93.45,84.65,85.6,NaN,NaN,NaN,NaN,100.61241488286134,0,0,97.16947187946431,0,10.322180067126846,22.91908735704706,-93.04029304029312,-97.8982300884956
1752556920,83.85,86.2,82.85,83.95,NaN,NaN,NaN,NaN,95.9361733945752,0,0,95.51703789453127,0,-3.552713678800501e-15,10.470272422522052,-92.88025889967633,-97.6216216216216
1752556980,83.95,85.65,81.3,82.65,NaN,NaN,NaN,NaN,95.05005605511766,0,0,93.90865815771487,0,-3.552713678800501e-15,3.440726689042281,-92.05882352941171,-97.0394736842105
1752557040,81.8,84.3,80.8,83.55,NaN,NaN,NaN,NaN,94.0175504496059,0,0,92.6138258880005,0,7.384242453598456,2.461414151199485,-84.28571428571429,-93.52941176470588
1752557100,82.85,83.9,82.1,83.9,NaN,NaN,NaN,NaN,93.86079540464533,0,0,91.52459765200044,0,17.705410870342813,8.36321777464709,-82.28571428571423,-91.96891191709842
1752557160,84.25,85.5,83,84.75,NaN,NaN,NaN,NaN,93.86079540464533,0,0,90.67777294550038,0,35.31069923861394,20.13345085418507,-75.61728395061726,-89.36742934051144
1752557220,84.55,85,82.6,83.1,NaN,NaN,NaN,NaN,93.86079540464533,0,0,89.73055132731284,0,41.70995749192294,31.5753558669599,-84.76821192052982,-93.4844192634561
1752557280,83.05,83.55,79.35,80.8,NaN,NaN,NaN,NaN,91.88301984998643,0,0,88.61423241139873,0,40.37346664533535,39.13137445862408,-91.02167182662537,-95.7037037037037
1752557340,80.55,82.4,80.55,82.2,NaN,NaN,NaN,NaN,91.4197178649878,0,0,87.81245335997389,0,43.609631047938386,41.897685061732226,-79.78723404255314,-91.10764430577221
1752557400,81.8,84,81.8,82.8,NaN,NaN,NaN,NaN,91.4197178649878,0,0,87.18589668997716,0,58.78993571712292,47.59101113679889,-49.63503649635039,-88.53820598006644
1752557460,82.5,82.5,75,75.7,NaN,NaN,NaN,NaN,89.73922147064012,0,0,85.75015960373001,0,62.93406960080184,55.11121212195439,-93.42723004694832,-97.8527607361963
1752557520,75.2,75.7,73,73.2,NaN,NaN,NaN,NaN,85.0502993235761,0,0,84.18138965326376,0,50.0345832702781,57.2528628627343,-98.39999999999998,-99.41690962099125
1752557580,72.75,74.4,70.85,71.95,NaN,NaN,NaN,NaN,83.3202693912185,0,0,82.65246594660579,0,26.583995384966276,46.51754941868208,-92.49146757679176,-96.9821673525377
1752557640,71.9,73.4,71.6,72.95,NaN,NaN,NaN,NaN,82.66574245209665,0,0,81.43965770328006,0,28.767814894188678,35.12879784981103,-85.66552901023886,-93.8686131386861
1752557700,72.25,73.05,68.55,70.1,NaN,NaN,NaN,NaN,81.29916820688697,0,0,80.02220049037005,0,29.835249953848148,28.39568674433438,-90.57750759878421,-95.60283687943264
1752557760,70.15,70.95,67.1,68,NaN,NaN,NaN,NaN,79.62925138619829,0,0,78.51942542907379,0,29.19174884813184,29.264937898722902,-94.67455621301772,-97.33727810650886
1752557820,68.35,69.5,66.7,67.6,NaN,NaN,NaN,NaN,78.48382624757846,0,0,77.15449725043956,0,13.879117885073754,24.302038895684593,-94.79768786127171,-97.26443768996963
1752557880,67.5,70.2,67.35,69.85,NaN,NaN,NaN,NaN,78.48382624757846,0,0,76.24143509413462,0,30.210306728431664,24.427057820545766,-81.79190751445091,-90.42553191489364
1752557940,69.6,69.85,64.4,65.65,NaN,NaN,NaN,NaN,77.94039926053856,0,0,74.9175057073678,0,38.727632896829576,27.605685836778346,-93.09392265193371,-96.42857142857143
1752558000,65.4,67.6,64.3,67.6,NaN,NaN,NaN,NaN,76.67385933448469,0,0,74.00281749394682,0,71.45928487640056,46.79907483388728,-71.05263157894741,-90.29411764705884
1752558060,67.15,68.6,62.75,63.35,NaN,NaN,NaN,NaN,76.67385933448469,0,0,72.67121530720347,0,66.56299852810486,58.91663876711167,-94.84978540772532,-98.31223628691983
1752558120,63.4,65,62.2,64.75,NaN,NaN,NaN,NaN,74.7058260609326,0,0,71.68106339380303,0,86.50928930797642,74.8438575708273,-77.23214285714289,-92.93628808864266
1752558180,64.7,66.2,64.4,65.1,NaN,NaN,NaN,NaN,74.7058260609326,0,0,70.85843046957766,0,87.11097066173876,80.06108616594003,-73.27188940092172,-91.9667590027701
1752558240,64.75,66.75,64.7,65.4,NaN,NaN,NaN,NaN,74.7058260609326,0,0,70.17612666088044,0,100,91.2067533232384,-63.4285714285714,-91.13573407202215
1752558300,65.45,66.8,64.55,66.8,NaN,NaN,NaN,NaN,74.7058260609326,0,0,69.75411082827038,0,100,95.70365688724627,-42.50000000000007,-86.78160919540232
1752558360,66.75,67.1,65.2,66.45,NaN,NaN,NaN,NaN,74.7058260609326,0,0,69.34109697473659,0,99.02163558186315,99.67387852728774,-46.875,-87.38872403560832
1752558420,65.9,66.5,64.25,65.55,NaN,NaN,NaN,NaN,74.47025823072009,0,0,68.86720985289452,0,95.47435529386378,98.165330291909,-56.20915032679741,-89.93993993993996
1752558480,65.95,67.7,65.3,67.2,NaN,NaN,NaN,NaN,74.47025823072009,0,0,68.6588086212827,0,95.47435529386378,96.65678205653025,-21.874999999999897,-84
1752558540,66.85,69.65,66.7,68.4,NaN,NaN,NaN,NaN,74.47025823072009,1,0,68.62645754362237,0,96.45271971200064,95.80047676657608,-16.77852348993288,-74.16666666666666
1752558600,68.8,69.25,66.45,66.65,64.296,NaN,80.4,NaN,74.47025823072009,0,0,68.37940035066957,0,95.65475311666766,95.86060937417739,-40.26845637583891,-81.02345415778251
1752558660,66.25,66.4,64.55,65.9,64.296,NaN,80.4,NaN,74.07012892517545,0,0,68.06947530683587,0,88.2301146987733,93.44586250914722,-69.44444444444437,-84.12017167381973
1752558720,65.85,67.75,65.7,67.75,64.296,NaN,80.4,NaN,74.07012892517545,0,0,68.02954089348138,0,88.2301146987733,90.70499417140479,-35.185185185185254,-76.18025751072962
1752558780,67.7,67.7,64.9,64.9,64.296,NaN,80.4,NaN,74.07012892517545,0,0,67.63834828179621,0,83.62178147990069,86.6940036258158,-87.96296296296288,-88.41201716738196
1752558840,64.8,66.2,64,64.8,NaN,NaN,NaN,NaN,73.2934989864529,0,0,67.28355474657168,0,81.79636725376021,84.54942114414476,-85.84070796460183,-88.59649122807019
1752558900,64.85,66.3,64,65.9,NaN,NaN,NaN,NaN,73.21414908780761,0,0,67.11061040325022,0,78.12183200868309,81.17999358078136,-66.37168141592913,-83.0275229357798
1752558960,65.8,66.05,64.05,65.35,NaN,NaN,NaN,NaN,72.90773417902685,0,0,66.89053410284394,0,80.55100471075139,80.15640132439826,-76.10619469026561,-85.55045871559636
1752559020,65.2,66.8,64.8,65.7,NaN,NaN,NaN,NaN,72.90773417902685,0,0,66.74171733998845,0,85.95311948100232,81.54198540014562,-69.91150442477874,-83.94495412844037
1752559080,65.6,66.65,65.15,65.8,NaN,NaN,NaN,NaN,72.90773417902685,0,0,66.6240026724899,0,86.02925968169124,84.17779462448168,-65.71428571428577,-82.26600985221677
1752559140,65.85,67.35,65.55,66.35,NaN,NaN,NaN,NaN,72.90773417902685,1,0,66.58975233842865,0,92.55366708182787,88.17868208150718,-37.333333333333485,-69.25925925925932
1752559200,66.5,67,60.65,61.75,NaN,NaN,NaN,NaN,72.17335939485952,0,0,65.98478329612507,0,68.71551085561954,82.43281253971291,-84.5070422535211,-91.99999999999999
1752559260,62,64.1,61.65,63.2,NaN,NaN,NaN,NaN,71.12352345537357,0,0,65.63668538410944,0,57.0352430355295,72.76814032432566,-63.82978723404251,-79.99999999999997
1752559320,63.25,63.25,61.55,62.2,NaN,NaN,NaN,NaN,70.3336711098362,0,0,65.20709971109576,0,35.07251294067236,53.60775561060715,-76.86567164179095,-87.49999999999997
1752559380,62,63.4,61.45,62.85,NaN,NaN,NaN,NaN,70.15030399885258,1,0,64.9124622472088,0,49.0460870716106,47.05128101593751,-67.16417910447755,-78.6407766990291
1752559440,62.85,63.5,62.4,63.15,59.079,NaN,74.85,NaN,70.15030399885258,0,0,64.6921544663077,0,54.51207900474146,46.21022633900816,-62.686567164179074,-73.82198952879583
1752559500,63.55,64.95,63.4,63.45,59.079,NaN,74.85,NaN,70.15030399885258,0,0,64.53688515801923,0,70.7225701083522,58.093578728234775,-58.20895522388051,-70.68062827225128
1752559560,63.35,63.75,60.6,63.55,59.079,NaN,74.85,NaN,69.50504661516354,0,0,64.41352451326682,0,80.10655890318999,68.44706933876124,-56.29629629629631,-68.10810810810814
1752559620,63.6,69.15,63.6,68.05,59.079,NaN,74.85,NaN,69.50504661516354,0,0,64.86808394910847,0,89.91922983453742,80.24945294869322,-12.865497076023486,-17.67955801104981
1752559680,68.35,69.35,62.95,64.2,59.079,NaN,74.85,NaN,69.50504661516354,0,0,64.78457345546991,0,81.47760808027776,83.83446560600174,-58.857142857142804,-60.22099447513812
1752559740,63.85,65.3,63.55,64.25,59.079,NaN,74.85,NaN,69.50504661516354,0,0,64.71775177353618,0,71.82283917443539,81.07322569641688,-58.28571428571427,-59.66850828729285
1752559800,64.55,65.35,63.1,63.1,59.079,NaN,74.85,NaN,69.50504661516354,0,0,64.51553280184416,0,54.008339376040624,69.10292887691794,-71.4285714285714,-72.37569060773482
1752559860,62.95,64.15,62.95,64.05,59.079,NaN,74.85,NaN,69.50504661516354,0,0,64.45734120161364,0,54.72734408265517,60.18617421104375,-60.5714285714286,-61.8784530386741
1752559920,63.65,63.95,62.75,63.05,59.079,NaN,74.85,NaN,69.50504661516354,0,0,64.28142355141193,0,51.7221013771882,53.48592827862802,-72.00000000000003,-72.92817679558017
1752559980,63.6,64.8,61.75,64.15,59.079,NaN,74.85,NaN,69.50504661516354,0,0,64.26499560748545,0,57.707168169481044,54.718871209774825,-59.428571428571345,-60.773480662983395
1752560040,64.25,64.3,62.7,62.7,59.079,NaN,74.85,NaN,69.50504661516354,0,0,64.06937115654976,0,51.32364609115901,53.58430521260944,-75.99999999999996,-76.79558011049723
1752560100,62.9,64.2,62.3,64.1,59.079,NaN,74.85,NaN,69.50504661516354,0,0,64.07319976198104,0,56.039661912472106,55.02349205770408,-69.0789473684211,-61.32596685082883
1752560160,64,64.95,62.7,64.95,59.079,NaN,74.85,NaN,69.50504661516354,0,0,64.18279979173342,0,58.93935741119149,55.4342218049409,-57.894736842105196,-51.93370165745857
1752560220,64.4,64.45,62.55,62.95,59.079,NaN,74.85,NaN,69.50504661516354,0,0,64.02869981776674,0,58.434482321997734,57.8045005485538,-66.66666666666653,-73.1428571428571
1752560280,63.3,63.65,62.6,62.85,59.079,NaN,74.85,NaN,69.50504661516354,0,0,63.88136234054589,0,48.2610798681284,55.211639867105895,-69.44444444444436,-74.28571428571426
1752560340,62.8,64.85,62.5,64.45,59.079,NaN,74.85,NaN,69.50504661516354,0,0,63.952442047977655,0,45.91914262642799,50.87156827218473,-15.624999999999986,-55.99999999999995
1752560400,64.4,65.7,64,64.8,59.079,NaN,74.85,NaN,69.50504661516354,0,0,64.05838679198045,0,55.663662411096034,49.947961635217496,-22.784810126582407,-52.00000000000001
1752560460,65.15,67.7,65.15,67.7,59.079,NaN,74.85,NaN,69.50504661516354,0,0,64.5135884429829,0,78.1095918291778,59.89746562223396,0,-18.857142857142776
1752560520,68.75,68.75,67,68.6,59.079,NaN,74.85,NaN,69.50504661516354,0,0,65.02438988761003,0,89.38126657826075,74.38484027284488,-2.3255813953489244,-8.571428571428578
1752560580,68.65,68.75,67.4,67.6,59.079,NaN,74.85,NaN,69.50504661516354,0,0,65.34634115165878,0,93.91103347030071,87.13396395924644,-17.829457364341167,-20.000000000000018
1752560640,67.35,69.5,67.25,69.3,59.079,NaN,74.85,NaN,69.50504661516354,0,0,65.84054850770143,0,93.91103347030071,92.40111117295407,-2.8571428571428976,-2.247191011235987
1752560700,68.95,71.85,67.45,71.85,62.454903851139164,NaN,74.85,62.454903851139164,NaN,0,0,66.59172994423875,0,93.91103347030071,93.91103347030072,0,0
1752560760,71.7,72.5,69.4,70.15,63.54441346602525,NaN,74.85,63.54441346602525,NaN,0,0,67.0365137012089,0,92.11659530490323,93.31288741516823,-23.499999999999943,-19.74789915966382
1752560820,70.75,70.75,66.35,67.75,63.54441346602525,NaN,74.85,63.54441346602525,NaN,0,0,67.12569948855779,0,74.5062964811161,86.84464175210671,-47.5,-39.91596638655463
1752560880,67.85,68.05,66.5,66.75,63.54441346602525,NaN,74.85,63.54441346602525,NaN,0,0,67.07873705248807,0,51.80271257204118,72.80853478602019,-67.6470588235294,-48.31932773109244
1752560940,65.9,67.8,65.6,67.25,63.54441346602525,NaN,74.85,63.54441346602525,NaN,0,0,67.10014492092705,0,38.92700374877805,55.07867093397845,-71.42857142857149,-44.117647058823536
1752561000,67.05,67.3,64.05,64.05,63.54441346602525,NaN,74.85,63.54441346602525,NaN,0,0,66.71887680581116,0,23.99835130996424,38.24268921026116,-100,-71.00840336134456
1752561060,64.5,66.85,64.05,66.55,63.54441346602525,NaN,74.85,63.54441346602525,NaN,0,0,66.69776720508477,0,23.782049418687873,28.902468159143393,-70.41420118343196,-50.00000000000003
1752561120,66.35,69.55,66.35,68.85,63.54441346602525,NaN,74.85,63.54441346602525,NaN,0,0,66.96679630444918,0,28.871399102043412,25.550599943565178,-43.1952662721894,-30.672268907563076
1752561180,68.55,69.15,67.25,67.95,63.54441346602525,NaN,74.85,63.54441346602525,NaN,0,0,67.08969676639303,0,42.26089426608207,31.63811426227112,-53.8461538461538,-38.23529411764704
1752561240,68.15,69.25,67.7,68.55,63.54441346602525,NaN,74.85,63.54441346602525,NaN,0,0,67.2722346705939,0,48.113577621224984,39.748623663116824,-46.74556213017753,-36.74418604651166
1752561300,68.5,68.9,67.55,68.3,63.54441346602525,NaN,74.85,63.54441346602525,NaN,0,0,67.40070533676966,0,45.657599823544025,45.34402390361703,-36.5671641791045,-39.06976744186049
1752561360,68.4,68.8,68,68.35,63.54441346602525,NaN,74.85,63.54441346602525,NaN,0,0,67.51936716967346,0,46.87678218915985,46.88265321130962,-21.81818181818187,-38.60465116279075
1752561420,68.1,68.25,65.8,66.05,63.54441346602525,NaN,74.85,63.54441346602525,NaN,0,0,67.33569627346428,0,36.168379754542805,42.90092058908223,-63.63636363636363,-60.00000000000002
1752561480,66,67.25,65.8,66.6,63.54441346602525,NaN,74.85,63.54441346602525,NaN,0,0,67.24373423928124,0,28.938266478119104,37.32780947394059,-53.63636363636369,-54.88372093023261
1752561540,66.9,68.25,66.75,67.3,63.54441346602525,NaN,74.85,63.54441346602525,NaN,0,0,67.25076745937108,0,28.46537288771997,31.190673040127294,-40.90909090909091,-48.372093023255836
1752561600,66.95,67.9,66.2,67.25,63.54441346602525,NaN,74.85,63.54441346602525,NaN,0,0,67.25067152694969,0,43.358395844095064,33.58734506997805,-61.33333333333326,-48.83720930232558
1752561660,66.85,68,66.75,68,63.54441346602525,NaN,74.85,63.54441346602525,NaN,0,0,67.34433758608098,0,62.49313742340215,44.77230205173907,-36.23188405797099,-44.117647058823515
1752561720,67.9,68.85,65.6,66.1,63.54441346602525,NaN,74.85,63.54441346602525,NaN,0,0,67.18879538782086,0,57.329476459147514,54.39366990888158,-86.30136986301372,-62.745098039215726
1752561780,65.85,66.9,65.75,66.15,63.54441346602525,NaN,74.85,63.54441346602525,NaN,0,0,67.05894596434325,0,47.13526875377037,55.65262754544002,-83.33333333333304,-63.49999999999994
1752561840,66.15,68.25,65.65,67.8,63.54441346602525,NaN,74.85,63.54441346602525,NaN,0,0,67.15157771880034,0,42.817536314542146,49.09409384248668,-32.30769230769222,-47.00000000000003
1752561900,67.95,68.75,67.95,68.15,63.54441346602525,NaN,74.85,63.54441346602525,NaN,0,0,67.27638050395029,0,60.28831202420105,50.08037236417119,-21.53846153846119,-43.49999999999994
1752561960,67.95,68.2,66.85,68,63.54441346602525,NaN,74.85,63.54441346602525,NaN,0,0,67.3668329409565,0,78.12282730483332,60.409558547858836,-26.15384615384598,-45
1752562020,68.1,68.35,66.6,68.1,63.54441346602525,NaN,74.85,63.54441346602525,NaN,0,0,67.45847882333693,0,85.03061317604238,74.48058416835892,-23.076923076923077,-51.764705882353006
1752562080,68.2,70.7,68.2,70.7,63.56745273542807,NaN,74.85,63.56745273542807,NaN,0,0,67.86366897041981,0,91.12666575398372,84.7600354116198,0,-21.301775147928954
1752562140,70.65,71.75,69.8,70.35,64.89570746188527,NaN,74.85,64.89570746188527,NaN,0,0,68.17446034911734,0,92.92354874432387,89.69360922478332,-22.764227642276495,-25.44378698224858
1752562200,70.35,72.9,70.35,72.5,65.56863671569673,NaN,74.85,65.56863671569673,NaN,0,0,68.71515280547767,0,96.55460864214497,93.53494104681751,-5.4794520547945895,-4.519774011299495
1752562260,72.75,77.7,72.4,76.6,NaN,NaN,NaN,68.00927304412707,NaN,0,0,69.70075870479296,0,96.55460864214497,95.34425534287128,-9.128630705394263,-8.058608058608117
1752562320,76.75,76.75,72.15,73.35,NaN,NaN,NaN,68.00927304412707,NaN,0,0,70.15691386669384,0,85.1687829856635,92.75933342331781,-36.09958506224074,-31.86813186813192
1752562380,73.2,74,71.55,71.65,NaN,NaN,NaN,68.00927304412707,NaN,0,0,70.34354963335711,0,63.87335666613573,81.86558276464807,-54.50450450450444,-44.322344322344286
1752562440,71.85,71.9,69.2,70.15,NaN,NaN,NaN,68.00927304412707,NaN,0,0,70.31935592918748,0,37.34194217295394,62.12802727491772,-68.01801801801794,-55.31135531135527
1752562500,70.35,70.35,69.2,70.15,NaN,NaN,NaN,68.00927304412707,NaN,0,0,70.29818643803904,0,25.641744694108684,42.28568117773279,-68.01801801801794,-55.31135531135527
1752562560,69.7,70.6,68.75,69.3,NaN,NaN,NaN,68.00927304412707,NaN,0,0,70.17341313328416,0,17.165503859599763,26.716396908887475,-88.421052631579,-61.538461538461554
1752562620,69.4,70.15,68.55,68.85,NaN,NaN,NaN,68.00927304412707,NaN,0,0,70.00798649162364,0,10.363585019448207,17.72361119105223,-96.72131147540988,-64.83516483516487
1752562680,68.75,68.95,67.8,68.75,NaN,NaN,NaN,68.00927304412707,NaN,0,0,69.85073818017068,0,3.561666179296651,10.363585019448216,-90.40404040404037,-65.56776556776556
1752562740,68.3,68.45,65.6,65.85,NaN,NaN,NaN,NaN,73.86000734606642,0,0,69.35064590764935,0,7.697546304067751e-15,4.641750399581631,-97.93388429752066,-97.93388429752066
1752562800,65.4,66,63.55,64.2,NaN,NaN,NaN,NaN,71.66150661145979,0,0,68.70681516919318,0,7.697546304067751e-15,1.187222059765564,-95.07575757575754,-95.40636042402824
1752562860,64.1,64.65,63.75,64.6,NaN,NaN,NaN,NaN,70.66785595031381,0,0,68.19346327304403,0,1.314927185867893,0.43830906195597813,-89.95215311004787,-92.57950530035339
1752562920,64.5,65.05,63.15,63.85,NaN,NaN,NaN,NaN,70.49107035528242,0,0,67.65053036391353,0,1.314927185867893,0.8766181239119399,-91.99999999999997,-95.1890034364261
1752562980,63.7,64.55,62.3,62.3,NaN,NaN,NaN,NaN,69.85196331975418,0,0,66.98171406842434,0,1.314927185867893,1.3149271858679017,-100,-99.99999999999999
1752563040,62.4,64.45,62.4,64.15,NaN,NaN,NaN,NaN,69.85196331975418,0,0,66.62774980987129,0,5.72467267352129,2.784842348419034,-77.71084337349386,-87.98701298701295
1752563100,64.3,64.9,63.2,63.6,NaN,NaN,NaN,NaN,69.85196331975418,0,0,66.24928108363738,0,12.29200672139361,6.443868860260939,-83.43949044585985,-91.55844155844154
1752563160,63.35,63.35,61.6,61.85,NaN,NaN,NaN,NaN,68.7417062601008,0,0,65.69937094818272,0,14.7020305444313,10.906236646448741,-96.5986394557823,-98.4472049689441
1752563220,61.9,62.15,59.2,59.45,NaN,NaN,NaN,NaN,67.20003563409071,0,0,64.91819957965988,0,8.977357870910017,11.990465045578318,-97.29729729729729,-98.64864864864865
1752563280,59.4,61.1,59.4,60.6,NaN,NaN,NaN,NaN,66.63253207068165,0,0,64.3784246322024,0,8.957550479321757,10.878979631554367,-79.41176470588238,-92.43243243243245
1752563340,60.55,60.55,58.8,59.05,NaN,NaN,NaN,NaN,65.95927886361348,0,0,63.71237155317709,0,8.915811545872938,8.950239965368246,-96,-98.67724867724867
1752563400,59.35,60.35,59.25,60.35,NaN,NaN,NaN,NaN,65.84585097725213,0,0,63.29207510902996,0,20.11722018619827,12.663527403797664,-75.19999999999993,-91.79894179894178
1752563460,60.2,60.65,59.4,60.05,NaN,NaN,NaN,NaN,65.84126587952693,0,0,62.886815720401216,0,23.783856420769425,17.605629384280217,-79.5081967213115,-93.38624338624338
1752563520,59.4,60.85,59.4,60.8,NaN,NaN,NaN,NaN,65.79463929157423,0,0,62.625963755351066,0,48.699378154691736,30.866818253886482,-67.21311475409841,-89.41798941798942
1752563580,60.75,60.95,59.95,60.6,NaN,NaN,NaN,NaN,65.79463929157423,0,0,62.37271828593218,0,64.18799014381433,45.55707490642518,-70.4918032786885,-90.47619047619047
1752563640,60.55,61,60.3,60.65,NaN,NaN,NaN,NaN,65.72240782617513,0,0,62.15737850019066,0,81.36779231814047,64.75172020554885,-59.34065934065935,-90.21164021164022
1752563700,60.6,60.8,58.5,59.7,NaN,NaN,NaN,NaN,64.90516704355761,0,0,61.85020618766683,0,72.96413610034215,72.839972854099,-67.12328767123279,-93.74999999999999
1752563760,59.5,61.2,58.8,61.2,NaN,NaN,NaN,NaN,64.90516704355761,0,0,61.76893041420848,0,79.60744880422754,77.97979240757006,0,-85.93749999999999
1752563820,61.4,61.45,60.65,60.65,NaN,NaN,NaN,NaN,64.90516704355761,0,0,61.62906411243242,0,81.04565709164923,77.87241399873965,-27.11864406779673,-88.80208333333334
1752563880,60.4,60.7,60,60.4,NaN,NaN,NaN,NaN,64.90516704355761,0,0,61.475431098378365,0,88.91266975556114,83.18859188381265,-35.59322033898316,-90.10416666666667
1752563940,60.4,62.25,60.3,61.5,NaN,NaN,NaN,NaN,64.90516704355761,0,0,61.47850221108107,0,88.91266975556114,86.29033220092384,-20,-83.56164383561644
1752564000,61.6,62.1,60.65,60.8,NaN,NaN,NaN,NaN,64.90516704355761,0,0,61.393689434695936,0,88.00842202298595,88.61125384470274,-38.66666666666674,-85.16129032258065
1752564060,61,61.75,60.5,60.95,NaN,NaN,NaN,NaN,64.90516704355761,0,0,61.33822825535894,0,90.35699909851313,89.09269695902009,-34.66666666666659,-81.71641791044775
1752564120,61.4,61.75,61,61.75,NaN,NaN,NaN,NaN,64.90516704355761,1,0,61.38969972343907,0,90.35699909851313,89.5741400733374,-13.333333333333334,-73.14049586776858
1752564180,61.85,62.75,61.5,62.65,58.044999999999995,NaN,73.75,NaN,64.90516704355761,0,0,61.54723725800919,0,95.7624068118186,92.15880166961496,-2.3529411764706216,-65.70247933884296
1752564240,62.65,65.2,62.65,64.85,58.044999999999995,NaN,73.75,NaN,64.90516704355761,0,0,61.96008260075804,0,99.99999999999999,95.37313530344392,-5.468750000000129,-45.49356223175973
1752564300,64.7,64.95,64,64.7,58.044999999999995,NaN,73.75,NaN,64.90516704355761,0,0,62.30257227566329,0,99.0002480952041,98.2542183023409,-9.61538461538461,-40.669856459330134
1752564360,64.7,65.5,62.4,63.15,58.044999999999995,NaN,73.75,NaN,64.90516704355761,0,0,62.40850074120537,0,88.22359546059296,95.74128118526569,-42.727272727272755,-53.266331658291485
1752564420,63.1,63.5,62.2,62.95,58.044999999999995,NaN,73.75,NaN,64.90516704355761,0,0,62.4761881485547,0,76.2578417718592,87.8272284425521,-49.038461538461455,-40.66666666666663
1752564480,62.5,64.5,62.5,64,58.044999999999995,NaN,73.75,NaN,64.90516704355761,0,0,62.66666462998536,0,71.31891876580592,78.60011866608603,-30,-21.428571428571427
1752564540,64.1,65.4,63.75,64.4,58.044999999999995,NaN,73.75,NaN,64.90516704355761,0,0,62.88333155123719,0,77.55674614852161,75.04450222872892,-21.999999999999886,-15.714285714285634
1752564600,64.5,64.5,63.35,63.55,58.044999999999995,NaN,73.75,NaN,64.90516704355761,0,0,62.966665107332545,0,78.0253277245372,75.63366421295491,-43.3333333333334,-27.857142857142897
1752564660,63.5,64,62.9,63.5,58.044999999999995,NaN,73.75,NaN,64.90516704355761,0,0,63.033331968915974,0,72.05739633367828,75.87982340224569,-50,-28.571428571428573
1752564720,63.3,63.85,61.05,61.05,58.044999999999995,NaN,73.75,NaN,64.90516704355761,0,0,62.785415472801475,0,43.2628882522404,64.44853743681863,-100,-63.57142857142861
1752564780,61.35,61.4,60.1,60.25,58.044999999999995,NaN,73.75,NaN,64.90516704355761,0,0,62.468488538701294,0,21.426727031625223,45.58233720584797,-97.22222222222224,-75
1752564840,59.95,60.4,59.55,59.55,58.044999999999995,NaN,73.75,NaN,64.70115012285123,0,0,62.10367747136363,0,-1.8947806286936004e-14,21.563205094621868,-99.99999999999999,-85.00000000000003
1752564900,59.75,62.4,59.7,62.3,58.044999999999995,NaN,73.75,NaN,64.70115012285123,0,0,62.12821778744318,0,18.799276604668005,13.408667878764405,-52.99145299145306,-45.71428571428576
1752564960,62.3,62.5,61.4,62.15,58.044999999999995,NaN,73.75,NaN,64.70115012285123,0,0,62.13094056401278,0,36.73868061845605,18.512652407708014,-55.55555555555559,-47.857142857142875
1752565020,62,63,61.85,62.7,58.044999999999995,NaN,73.75,NaN,64.70115012285123,0,0,62.20207299351119,0,58.08286609393733,37.8736077723538,-46.15384615384613,-39.99999999999996
1752565080,62.9,63.6,62.4,63.3,58.044999999999995,NaN,73.75,NaN,64.70115012285123,0,0,62.33931386932229,0,65.11025618677827,53.31060096639055,-24.242424242424285,-31.42857142857147
1752565140,63.4,63.5,62.55,63.2,58.044999999999995,NaN,73.75,NaN,64.70115012285123,0,0,62.446899635657005,0,74.75163018639581,65.9815841557038,-17.977528089887564,-32.85714285714282
1752565200,63.15,63.75,62.75,63.7,58.044999999999995,NaN,73.75,NaN,64.70115012285123,0,0,62.60353718119988,0,84.66205098006049,74.8413124510782,-3.4883720930232194,-25.714285714285673
1752565260,63.8,64.55,63.5,63.85,58.044999999999995,NaN,73.75,NaN,64.70115012285123,0,0,62.7593450335499,0,91.21178547638233,83.54182221427955,-13.999999999999915,-23.57142857142855
1752565320,63.9,64.6,62.85,63.45,58.044999999999995,NaN,73.75,NaN,64.70115012285123,0,0,62.84567690435616,0,92.24464952955213,89.37282866199833,-22.772277227722615,-29.285714285714246
1752565380,63.5,64.7,63.4,64.7,58.044999999999995,NaN,73.75,NaN,64.70115012285123,0,0,63.07746729131164,0,94.32337659373952,92.59327053322467,0,-11.94029850746264
1752565440,64.55,65.85,64.15,65.85,60.64145880959081,NaN,73.75,60.64145880959081,NaN,0,0,63.424033879897685,0,95.28030873324205,93.9494449521779,0,0
1752565500,65.9,65.9,64.6,65,60.93731292863173,NaN,73.75,60.93731292863173,NaN,0,0,63.62102964491047,0,93.88812784509366,94.49727105735842,-22.22222222222234,-14.173228346456764
1752565560,65.1,68.05,65.1,67.35,61.778581635768546,NaN,73.75,61.778581635768546,NaN,0,0,64.08715093929666,0,93.88812784509366,94.35218814114313,-12.389380530973504,-8.235294117647092
1752565620,67.35,68.6,66.6,68.4,62.68322347219169,NaN,73.75,62.68322347219169,NaN,0,0,64.62625707188458,0,93.88812784509366,93.88812784509366,-3.3057851239667557,-2.2099447513810904
1752565680,68.6,68.6,66.95,68.1,62.85490112497254,NaN,73.75,62.85490112497254,NaN,0,0,65.060474937899,0,97.23345752326664,95.00323773781798,-8.547008547008556,-5.5248618784530406
1752565740,68.5,69.2,67.8,68.6,63.65191101247528,NaN,73.75,63.65191101247528,NaN,0,0,65.50291557066163,0,96.80753678401953,95.97637405079327,-9.448818897637928,-6.217616580310965
1752565800,69.15,69.5,67.95,67.95,63.89671991122775,NaN,73.75,63.89671991122775,NaN,0,0,65.80880112432892,0,89.2904053208993,94.44379987606182,-23.30827067669169,-15.577889447236148
1752565860,68.1,68.2,66.75,67.8,63.89671991122775,NaN,73.75,63.89671991122775,NaN,0,0,66.05770098378781,0,81.83642378222775,89.31145529571553,-27.868852459016434,-17.085427135678415
1752565920,67.65,67.65,64.6,65,63.89671991122775,NaN,73.75,63.89671991122775,NaN,0,0,65.92548836081434,0,48.92901118814154,73.3519467637562,-84.11214953271038,-45.22613065326632
1752565980,65.05,66.9,65,66.9,63.89671991122775,NaN,73.75,63.89671991122775,NaN,0,0,66.04730231571256,0,35.380656101317136,55.382030357228814,-53.06122448979574,-26.130653266331592
1752566040,67,68.95,66.85,67.9,63.89671991122775,NaN,73.75,63.89671991122775,NaN,0,0,66.27888952624849,0,30.1371235203882,38.148930269948956,-32.65306122448964,-16.08040201005019
1752566100,67.9,71.1,67,70.1,63.89671991122775,NaN,73.75,63.89671991122775,NaN,0,0,66.75652833546744,0,58.58164856885239,41.36647606351925,-15.384615384615385,-8.65800865800866
1752566160,70.6,72.25,69.85,72.05,64.84450485134278,NaN,73.75,64.84450485134278,NaN,0,0,67.41821229353401,0,79.64713511879701,56.12196906934587,-2.6143790849673554,-1.5748031496063213
1752566220,72,72.65,70.85,71.55,65.6250543662085,NaN,73.75,65.6250543662085,NaN,0,0,67.93468575684226,0,91.31784218718956,76.51554195827966,-13.664596273292013,-8.396946564885555
1752566280,71.35,74.65,70.85,74.65,NaN,NaN,NaN,66.09754892958765,NaN,0,0,68.77410003723698,0,96.2066504720587,89.05720925934843,0,0
1752566340,74.7,76.05,73.6,75.5,NaN,NaN,NaN,68.10279403662886,NaN,0,0,69.61483753258236,0,96.2066504720587,94.57704771043565,-4.803493449781634,-3.333333333333316
1752566400,75.4,75.65,71.8,72.35,NaN,NaN,NaN,68.10279403662886,NaN,0,0,69.95673284100957,0,83.26518949764879,91.8928301472554,-32.31441048034936,-22.42424242424244
1752566460,72.5,77.8,72.35,76.25,NaN,NaN,NaN,68.10279403662886,NaN,0,0,70.74339123588337,0,75.81921001061107,85.09701666010619,-12.10937499999998,-8.493150684931491
1752566520,76.1,79.35,75.25,78.1,NaN,NaN,NaN,68.76246185270244,NaN,0,0,71.66296733139794,0,71.9348291564463,77.00640955490206,-10,-6.361323155216287
1752566580,78.75,79.85,77.2,77.6,NaN,NaN,NaN,70.04621566743222,NaN,0,0,72.4050964149732,0,82.44783090669698,76.73395669125146,-17.509727626459153,-12.195121951219514
1752566640,77.9,81.1,77.9,80.45,NaN,NaN,NaN,70.81909410068899,NaN,0,0,73.41070936310155,0,88.92963037943143,81.10409681419156,-5.777777777777702,-3.376623376623334
1752566700,79.8,81.05,75,75.65,NaN,NaN,NaN,70.81909410068899,NaN,0,0,73.69062069271385,0,72.89184043837616,81.42310057483486,-53.17073170731696,-29.144385026737915
1752566760,74.65,76.8,73.9,76.7,NaN,NaN,NaN,70.81909410068899,NaN,0,0,74.06679310612462,0,54.91981181175705,72.24709420985488,-42.9268292682926,-23.719676549865188
1752566820,77.75,79.75,77.75,79.45,NaN,NaN,NaN,70.81909410068899,NaN,0,0,74.73969396785904,0,36.00406690288981,54.605239717674344,-17.741935483870883,-8.991825613078975
1752566880,78.65,81.5,78.65,79.5,NaN,NaN,NaN,70.81909410068899,NaN,0,0,75.33473222187666,0,36.04401861939422,42.32263244468036,-20.618556701030922,-10.723860589812332
1752566940,79.7,79.7,75.5,76.15,NaN,NaN,NaN,70.81909410068899,NaN,0,0,75.43664069414208,0,26.90452266478054,32.984202729021526,-58.46994535519116,-28.68632707774796
1752567000,76.8,77.2,72.2,72.8,NaN,NaN,NaN,70.81909410068899,NaN,0,0,75.10706060737432,0,13.451114254617716,25.466551846264167,-93.54838709677425,-48.066298342541444
1752567060,73.6,73.6,69.7,73.3,NaN,NaN,NaN,70.81909410068899,NaN,0,0,74.88117803145254,0,1.3307295315527494,13.89545548365034,-69.49152542372885,-47.262247838616744
1752567120,73.3,76.5,72.9,74.9,NaN,NaN,NaN,70.81909410068899,NaN,0,0,74.88353077752097,0,6.874474476355076,7.2187727541751805,-55.93220338983048,-39.053254437869775
1752567180,75.45,76.15,73.8,74.4,NaN,NaN,NaN,70.81909410068899,NaN,0,0,74.82308943033085,0,11.004419680603377,6.4032078961704,-60.169491525423695,-42.01183431952658
1752567240,74.05,75.15,73.6,74.45,NaN,NaN,NaN,70.81909410068899,NaN,0,0,74.7764532515395,0,13.951114625656658,10.61000292753837,-59.7457627118644,-41.71597633136092
1752567300,73.9,74.55,71.5,71.5,NaN,NaN,NaN,70.81909410068899,NaN,0,0,74.36689659509706,0,8.407369680854334,11.120967995704788,-84.74576271186443,-59.171597633136074
1752567360,71.55,73.05,71.45,72.3,NaN,NaN,NaN,70.81909410068899,NaN,0,0,74.10853452070992,0,6.566873131925312,9.6417858128121,-77.9661016949153,-54.437869822485204
1752567420,72.1,72.1,70.75,71.85,NaN,NaN,NaN,70.81909410068899,NaN,0,0,73.82621770562119,0,3.351369422989725,6.108537411923123,-78.50000000000009,-57.10059171597634
1752567480,71.9,71.9,68.2,68.4,NaN,NaN,NaN,NaN,78.90136316622389,0,0,73.14794049241854,0,3.351369422989725,4.423203992634921,-97.77777777777776,-77.51479289940823
1752567540,68.15,70.6,68,70.2,NaN,NaN,NaN,NaN,78.04622684960148,0,0,72.77944793086623,0,7.02155034664915,4.574763064209534,-74.11764705882351,-66.86390532544375
1752567600,70.15,70.15,68.25,69.8,NaN,NaN,NaN,NaN,77.65660416464135,0,0,72.40701693950794,0,10.862139994286911,7.078353254641929,-78.82352941176474,-70.90909090909092
1752567660,69.55,70.75,69.55,70.05,NaN,NaN,NaN,NaN,77.65660416464135,0,0,72.11238982206945,0,16.638053807630275,11.507248049522111,-74.84662576687123,-78.1569965870307
1752567720,69.8,71.7,69.45,71.7,NaN,NaN,NaN,NaN,77.65660416464135,0,0,72.06084109431076,0,28.02411739164445,18.50810373118721,-48.25174825174825,-67.58620689655172
1752567780,71.3,71.75,70.35,70.4,NaN,NaN,NaN,NaN,77.65660416464135,0,0,71.85323595752192,0,36.86925281688174,27.177141338718823,-63.358778625954095,-82.22222222222219
1752567840,70.15,70.15,66.8,67.3,NaN,NaN,NaN,NaN,76.29056799242119,0,0,71.28408146283168,0,31.093339003538375,31.995569737354856,-92,-96.5986394557823
1752567900,67.45,68.45,67.3,67.65,NaN,NaN,NaN,NaN,75.25401119317907,0,0,70.82982127997772,0,16.04409902522778,28.002230281882632,-83.96226415094323,-94.21768707482988
1752567960,67.2,68.65,66.2,66.25,NaN,NaN,NaN,NaN,74.80111007386118,0,0,70.2573436199805,0,2.296453184682283,16.477963737816147,-99.1228070175439,-99.67320261437911
1752568020,66.45,69.65,66.35,69.55,NaN,NaN,NaN,NaN,74.80111007386118,1,0,70.16892566748294,0,22.012073400103315,13.450875203337793,-39.63963963963971,-78.10457516339872
1752568080,69.65,70.4,68.7,68.75,65.377,NaN,81.55,NaN,74.80111007386118,0,0,69.99155995904758,0,41.3994052306804,21.902643938488666,-54.054054054054085,-83.33333333333334
1752568140,69,70.4,68.85,70.2,65.377,NaN,81.55,NaN,74.80111007386118,0,0,70.01761496416663,0,73.94732961820735,45.786269416330356,-27.92792792792789,-73.85620915032679
1752568200,70.05,74.25,69.7,73.7,65.377,NaN,81.55,NaN,74.80111007386118,0,0,70.4779130936458,0,87.56504273611965,67.63725919500246,-6.83229813664593,-50.98039215686274
1752568260,73.4,74.25,72.5,72.5,65.377,NaN,81.55,NaN,74.80111007386118,0,0,70.73067395694007,0,93.95501087699019,85.15579441043906,-21.739130434782616,-58.82352941176472
1752568320,72.05,75.5,71,74.15,65.377,NaN,81.55,NaN,74.80111007386118,0,0,71.15808971232256,0,94.74041982279657,92.08682447863548,-14.516129032258007,-48.03921568627448
1752568380,73.65,75.5,73.65,74.8,65.377,NaN,81.55,NaN,74.80111007386118,0,0,71.61332849828224,0,94.74041982279658,94.47861684086111,-7.526881720430141,-43.790849673202636
1752568440,74.85,77,74.5,76.15,67.9023346778521,NaN,81.55,67.9023346778521,NaN,0,0,72.18041243599697,0,100,96.49361321519773,-7.87037037037032,-34.96732026143788
1752568500,76.15,77.6,75.55,76.5,68.89710121006686,NaN,81.55,68.89710121006686,NaN,0,0,72.72036088149736,0,100,98.24680660759886,-9.777777777777727,-32.67973856209151
1752568560,76.85,78.65,74.2,74.7,68.89710121006686,NaN,81.55,68.89710121006686,NaN,0,0,72.96781577131019,0,92.52478555188945,97.50826185062982,-39.69849246231158,-37.03703703703704
1752568620,74.65,85.05,74.65,84.6,NaN,NaN,NaN,69.30940198015418,NaN,0,0,74.4218387998964,0,92.52478555188945,95.01652370125964,-2.777777777777795,-2.3872679045092995
1752568680,84.75,84.75,77,77,NaN,NaN,NaN,69.30940198015418,NaN,0,0,74.74410894990936,0,76.89742293437958,87.31566467938616,-52.44299674267101,-42.70557029177719
1752568740,77.2,78.45,76.6,78,NaN,NaN,NaN,69.30940198015418,NaN,0,0,75.1510953311707,0,70.09994612760714,79.84071820462539,-50.17793594306049,-37.40053050397878
1752568800,77.7,78.4,74.75,74.75,NaN,NaN,NaN,69.30940198015418,NaN,0,0,75.10095841477435,0,44.789164216163186,63.92884442604998,-73.30960854092527,-54.64190981432361
1752568860,74.65,74.65,72.15,72.55,NaN,NaN,NaN,69.30940198015418,NaN,0,0,74.78208861292757,0,30.77859406495223,48.555901469574195,-96.89922480620162,-66.31299734748012
1752568920,73.05,73.1,70.5,71,NaN,NaN,NaN,69.30940198015418,NaN,0,0,74.30932753631163,0,11.717951986501868,29.09523675587244,-96.56357388316151,-74.53580901856765
1752568980,71.35,73.35,71.35,72.35,NaN,NaN,NaN,69.30940198015418,NaN,0,0,74.06441159427267,0,6.731338346789106,16.40929479941441,-87.28522336769763,-67.37400530503982
1752569040,72.7,73,72.05,72.6,NaN,NaN,NaN,69.30940198015418,NaN,0,0,73.88136014498859,0,6.647186211823569,8.365492181704857,-85.56701030927839,-66.04774535809021
1752569100,72.35,72.75,71.7,72.2,NaN,NaN,NaN,69.30940198015418,NaN,0,0,73.67119012686501,0,9.344630806140271,7.574385121584323,-88.31615120274913,-68.16976127320955
1752569160,72.15,72.15,69.4,69.4,NaN,NaN,NaN,69.30940198015418,NaN,0,0,73.13729136100689,0,6.308693023963656,7.433503347309173,-100.00000000000001,-83.02387267904507
1752569220,69.7,70.85,69.15,69.45,NaN,NaN,NaN,69.30940198015418,NaN,0,0,72.67637994088102,0,2.824149020210017,6.159157616771323,-96.77419354838713,-82.75862068965517
1752569280,69.65,70,69.05,69.9,NaN,NaN,NaN,69.30940198015418,NaN,0,0,72.32933244827089,0,1.4577284296274577,3.5301901579337187,-90.90909090909082,-80.37135278514586
1752569340,69.2,70.5,68.6,69.75,NaN,NaN,NaN,69.30940198015418,NaN,0,0,72.00691589223703,0,2.452301372207414,2.244726274014963,-80.99173553719002,-81.16710875331566
1752569400,69.45,71,69.15,71,NaN,NaN,NaN,69.30940198015418,NaN,0,0,71.88105140570741,0,6.924818171951348,3.6116159912620738,-49.473684210526194,-74.53580901856765
1752569460,70.65,71.45,70.2,71.35,NaN,NaN,NaN,69.30940198015418,NaN,0,0,71.81466997999398,0,17.03459250356112,8.803904015906628,-42.10526315789474,-72.67904509283824
1752569520,71.85,74.2,71.85,73.85,NaN,NaN,NaN,69.30940198015418,NaN,0,1,72.06908623249473,0,41.42432177563692,21.794577483716463,-6.250000000000143,-59.416445623342206
1752569580,74,76,73,75.55,NaN,69.30940198015418,85.85,69.30940198015418,NaN,0,0,72.50420045343289,0,70.15843388333299,42.872449387510336,-6.0810810810811144,-50.39787798408489
1752569640,75.65,77.35,75.5,76.4,NaN,69.30940198015418,85.85,69.30940198015418,NaN,0,0,72.99117539675377,0,92.05096888132243,67.87790818009745,-10.857142857142728,-46.256684491978554
1752569700,76.1,76.1,73.7,74.25,NaN,69.30940198015418,85.85,69.30940198015418,NaN,0,0,73.14852847215955,0,88.03453540744688,83.41464605736743,-35.42857142857137,-65.65349544072946
1752569760,74.3,74.3,72.1,73.85,NaN,69.30940198015418,85.85,69.30940198015418,NaN,0,0,73.23621241313961,0,73.93673621708432,84.67408016861788,-40,-68.08510638297872
1752569820,73.7,74.2,71.5,72.05,NaN,69.30940198015418,85.85,69.30940198015418,NaN,0,0,73.08793586149716,0,50.528596355073006,70.83328932653474,-60.57142857142855,-79.02735562310029
1752569880,72.05,75.2,72,75.2,NaN,69.30940198015418,85.85,69.30940198015418,NaN,0,0,73.35194387881002,0,54.30796329982849,59.59109862399527,-26.219512195121883,-59.87841945288749
1752569940,75.3,75.3,73.5,73.6,NaN,69.30940198015418,85.85,69.30940198015418,NaN,0,0,73.38295089395876,0,52.07142663179562,52.3026620955657,-52.44755244755251,-69.6048632218845
1752570000,73.55,73.55,70.1,70.1,NaN,69.30940198015418,85.85,69.30940198015418,NaN,0,0,72.97258203221392,0,43.52079296663688,49.96672763275367,-100,-90.88145896656535
1752570060,70.05,70.25,67.75,67.8,NaN,NaN,NaN,NaN,76.62918984447855,0,0,72.32600927818719,0,18.37355728110117,37.988592293177895,-99.4791666666667,-99.71098265895955
1752570120,68,69.4,67.1,68,NaN,NaN,NaN,NaN,75.8062708600307,0,0,71.7852581184138,0,2.2699373265238023,21.388095858087286,-91.2195121951219,-94.9860724233983
1752570180,68.55,69.2,67.05,67.7,NaN,NaN,NaN,NaN,75.57064377402763,0,0,71.27460085361207,0,0.8953775203605195,7.179624042661831,-92.81767955801098,-96.38888888888886
1752570240,67.9,68.5,67.65,68.4,NaN,NaN,NaN,NaN,75.03107939662488,0,0,70.91527574691057,0,4.361451886335729,2.5089222444066857,-83.63636363636353,-92.49999999999994
1752570300,68.5,68.7,67.7,68.65,NaN,NaN,NaN,NaN,74.76047145696238,0,0,70.63211627854675,0,8.20663170459573,4.487820370430662,-80.6060606060605,-90.96045197740109
1752570360,68.75,73.6,68.75,72.35,NaN,NaN,NaN,NaN,74.76047145696238,1,0,70.84685174372841,0,29.742479120827326,14.103520903919597,-35.75757575757579,-53.50877192982461
1752570420,71.8,80.4,71.8,80.4,68.00899999999999,NaN,84.35,66.86951811986047,NaN,0,0,72.04099527576236,0,59.60973808818545,32.51961630453617,0,0
1752570480,79.55,79.55,73.25,74.45,68.00899999999999,NaN,84.35,66.86951811986047,NaN,0,0,72.34212086629206,0,72.66489556037075,54.00570425646117,-44.5692883895131,-44.5692883895131
1752570540,74.4,76,74.2,75.1,68.00899999999999,NaN,84.35,66.86951811986047,NaN,0,0,72.68685575800555,0,70.20009040274171,67.49157468376598,-39.700374531835266,-39.700374531835266
1752570600,74.15,75.65,74.1,74.15,68.00899999999999,NaN,84.35,66.86951811986047,NaN,0,0,72.86974878825485,0,53.66111096432915,65.50869897581387,-46.81647940074903,-46.81647940074903
1752570660,73.95,73.95,71.7,72,68.00899999999999,NaN,84.35,66.86951811986047,NaN,0,0,72.761030189723,0,47.67143420272428,57.17754518993171,-62.921348314606746,-62.921348314606746
1752570720,72,72.9,71.4,72.5,68.00899999999999,NaN,84.35,66.86951811986047,NaN,0,0,72.72840141600763,0,41.594071871600164,47.6422056795512,-61.96078431372553,-59.17602996254682
1752570780,72.65,73.65,72.2,72.8,68.00899999999999,NaN,84.35,66.86951811986047,NaN,0,0,72.73735123900667,0,38.53878535417996,42.60143047616814,-59.84251968503943,-56.928838951310894
1752570840,72.7,72.95,71.1,71.5,68.00899999999999,NaN,84.35,66.86951811986047,NaN,0,0,72.58268233413084,0,37.14789872633671,39.09358531737229,-76.39484978540774,-66.66666666666667
1752570900,71.55,75.8,71.55,75.8,68.00899999999999,NaN,84.35,66.86951811986047,NaN,0,0,72.98484704236448,0,44.95360466552253,40.21342958201308,-49.462365591397884,-34.456928838951356
1752570960,75.7,80.55,75.5,78.45,68.84824948984071,NaN,84.35,68.84824948984071,NaN,0,0,73.66799116206892,0,57.33239361511047,46.47796566898992,-22.222222222222154,-15.555555555555513
1752571020,78.75,80.35,76.1,76.1,68.84824948984071,NaN,84.35,68.84824948984071,NaN,0,0,73.9719922668103,0,65.597288522034,55.961095600889,-47.0899470899471,-32.96296296296298
1752571080,76.2,77.75,75.3,77.7,68.84824948984071,NaN,84.35,68.84824948984071,NaN,0,0,74.43799323345901,0,66.69410005114321,63.2079273960959,-30.15873015873009,-21.111111111111068
1752571140,78.25,78.25,75.65,76.35,68.84824948984071,NaN,84.35,68.84824948984071,NaN,0,0,74.67699407927664,0,53.71774876967544,62.003045780950885,-44.444444444444464,-31.111111111111132
1752571200,76.6,77.25,76.2,76.35,68.84824948984071,NaN,84.35,68.84824948984071,NaN,0,0,74.88611981936705,0,48.179207487014914,56.197018769277854,-44.444444444444464,-31.111111111111132
1752571260,76.2,80,76.2,79.7,69.25357809125603,NaN,84.35,69.25357809125603,NaN,0,0,75.48785484194617,0,59.6163434245748,53.83776656042172,-8.994708994708931,-6.296296296296254
1752571320,79.5,83.7,79.5,81.75,72.37822028213043,NaN,84.35,72.37822028213043,NaN,0,0,76.2706229867029,0,79.80817171228739,62.53457420795903,-15.476190476190489,-11.711711711711725
1752571380,82.3,86.25,80.25,85.9,NaN,NaN,NaN,73.15039825391739,NaN,0,0,77.47429511336505,0,100,79.8081717122874,-2.380952380952342,-1.8229166666666368
1752571440,86,86,79.65,80.1,NaN,NaN,NaN,73.15039825391739,NaN,0,0,77.80250822419441,0,80.6902023603326,86.83279135753999,-56.164383561643874,-32.03125000000002
1752571500,80.9,83.8,80.65,81.65,NaN,NaN,NaN,73.15039825391739,NaN,0,0,78.28344469617011,0,64.75341919825756,81.81454051953006,-42.00913242009126,-23.9583333333333
1752571560,83,86.8,83,85.4,NaN,NaN,NaN,73.45034032710578,NaN,0,0,79.17301410914885,0,56.26796736521916,67.23719630793644,-12.173913043478187,-7.088607594936666
1752571620,85.2,86.1,80,84.95,NaN,NaN,NaN,73.45034032710578,NaN,0,0,79.89513734550525,0,65.64687030079374,62.222752288090156,-16.591928251121036,-9.367088607594908
1752571680,84.35,85.2,82.4,84.8,NaN,NaN,NaN,73.45034032710578,NaN,0,0,80.5082451773171,0,65.86855319870504,62.59446362157265,-18.8679245283019,-10.126582278481013
1752571740,85.05,86.45,83.1,83.55,NaN,NaN,NaN,73.45034032710578,NaN,0,0,80.88846453015246,0,52.0906045099512,61.20200933648332,-30.66037735849058,-16.455696202531644
1752571800,83.25,83.25,76.8,81.35,NaN,NaN,NaN,73.45034032710578,NaN,0,0,80.9461564638834,0,28.774479160064192,48.91121228957348,-54.50000000000002,-27.59493670886077
1752571860,82.95,83.7,80.8,80.95,NaN,NaN,NaN,73.45034032710578,NaN,0,0,80.94663690589798,0,11.156246090894603,30.67377658696999,-58.49999999999994,-30.548302872062646
1752571920,80.45,80.45,75.4,76.55,NaN,NaN,NaN,73.45034032710578,NaN,0,0,80.39705729266073,0,0.0863132793535281,13.33901284343743,-89.91228070175445,-53.664921465968604
1752571980,76.45,76.85,75,76.85,NaN,NaN,NaN,73.45034032710578,NaN,0,0,79.95367513107814,0,0.8627823163837399,4.035113895543957,-84.32203389830512,-55.12465373961221
1752572040,76.6,76.6,73.2,73.9,NaN,NaN,NaN,73.45034032710578,NaN,0,0,79.19696573969338,0,0.8627823163837399,0.6039593040403357,-94.85294117647057,-82.16560509554132
1752572100,73.8,74.35,72.15,72.85,NaN,NaN,NaN,NaN,84.48483959465625,0,0,78.40359502223171,0,0.8627823163837399,0.8627823163837397,-95.10489510489519,-88.85350318471338
1752572160,72.85,72.9,67.45,68.1,NaN,NaN,NaN,NaN,81.92135563519064,0,0,77.11564564445274,0,1.2730557349035129e-14,0.5751882109224973,-96.5789473684211,-96.64082687338505
1752572220,68.4,69.65,67.45,69.45,NaN,NaN,NaN,NaN,79.78172007167157,0,0,76.15743993889615,0,3.4161944731866263,1.4263255965234596,-89.47368421052632,-89.6640826873385
1752572280,69.1,70.55,66.5,66.5,NaN,NaN,NaN,NaN,79.78172007167157,0,0,74.95025994653413,0,3.4161944731866263,2.277462982124422,-100,-100
1752572340,66.65,67.6,64.8,65.55,NaN,NaN,NaN,NaN,77.23119325805395,0,0,73.77522745321737,0,3.4161944731866263,3.4161944731866263,-96.03174603174602,-96.5909090909091
1752572400,65.75,66.55,64.3,66.45,NaN,NaN,NaN,NaN,76.02807393224856,0,0,72.8595740215652,0,2.405632627376535,3.0793405245832624,-86.68730650154795,-90.44444444444443
1752572460,66.4,67.5,65.75,66.1,NaN,NaN,NaN,NaN,76.02807393224856,0,0,72.01462726886955,0,4.322191870410111,3.381339656991091,-85.6573705179283,-92.00000000000001
1752572520,65.9,65.9,62.05,62.45,NaN,NaN,NaN,NaN,74.25098988512134,0,0,70.81904886026085,0,4.322191870410111,3.683338789398919,-97.25085910652916,-98.38383838383837
1752572580,62.55,64.1,61.8,63.5,NaN,NaN,NaN,NaN,72.8883908966092,0,0,69.90416775272824,0,5.501085029550667,4.715156256790297,-86.45418326693225,-93.19999999999999
1752572640,63,63.15,61.5,62.25,NaN,NaN,NaN,NaN,71.8695518069483,0,0,68.94739678363722,0,5.1978178194625775,5.007031573141119,-93.42105263157895,-97.03557312252964
1752572700,62,62.15,59.2,59.95,NaN,NaN,NaN,NaN,70.18009662625346,0,0,67.82272218568257,0,5.1978178194625775,5.298906889491941,-93.39207048458151,-97.28260869565217
1752572760,60.35,62.3,59.15,62.3,NaN,NaN,NaN,NaN,70.18009662625346,0,0,67.13238191247224,0,12.74963686919137,7.715090836038843,-72.36842105263159,-88.60759493670886
1752572820,62.55,62.8,60.95,61.9,NaN,NaN,NaN,NaN,70.18009662625346,0,0,66.47833417341322,0,24.846169064315678,14.264541250989874,-67.45562130177512,-90.05424954792043
1752572880,62.15,62.25,60.55,60.95,NaN,NaN,NaN,NaN,70.10416544053876,0,0,65.78729240173656,0,36.781879147212,24.79256169357302,-78.44311377245505,-93.49005424954791
1752572940,61.35,61.35,59.65,59.85,NaN,NaN,NaN,NaN,68.8437488964849,0,0,65.04513085151949,0,36.40973988530022,32.67926269894264,-91.61676646706584,-97.46835443037973
1752573000,60,60,57.8,58.15,NaN,NaN,NaN,NaN,67.0693740068364,0,0,64.18323949507955,0,25.20437533959063,32.79866479070095,-95.679012345679,-98.79310344827586
1752573060,57.95,57.95,53.1,54,NaN,NaN,NaN,NaN,64.39243660615277,0,0,62.910334558194606,0,13.26866525669431,24.960926827195053,-91.81818181818183,-97.3293768545994
1752573120,54.1,54.1,51.5,52.55,NaN,NaN,NaN,NaN,61.56069294553748,0,0,61.61529273842028,0,2.504459682360211,13.659166759548386,-90.98712446351935,-97.02549575070822
1752573180,52.45,53.55,51.1,53.35,NaN,NaN,NaN,NaN,60.94462365098374,0,0,60.582131146117746,0,7.088292077862708,7.62047233897241,-80.76923076923076,-93.69747899159664
1752573240,53.45,54.05,52.4,52.4,NaN,NaN,NaN,NaN,60.94462365098374,0,0,59.55936475285303,0,11.345711094834506,6.979487618352475,-88.8888888888889,-96.32248939179634
1752573300,52.5,53.5,51.75,52.9,NaN,NaN,NaN,NaN,60.57739515729683,0,0,58.7269441587464,0,20.41445091297596,12.94948469522439,-84.61538461538464,-94.90806223479491
1752573360,52.95,53,52.1,52.8,NaN,NaN,NaN,NaN,59.97715564156714,0,0,57.9860761389031,0,22.03692752368143,17.932363177163964,-84.75336322869958,-95.1909476661952
1752573420,52.95,52.95,51.85,52.1,NaN,NaN,NaN,NaN,59.41444007741043,0,0,57.250316621540215,0,23.895048589478648,22.11547567537868,-90.2439024390244,-96.93251533742331
1752573480,52.05,52.95,51.8,52,NaN,NaN,NaN,NaN,59.03299606966939,0,0,56.59402704384769,0,20.55807560147446,22.16335057154485,-89.88764044943822,-97.23926380368098
1752573540,52.05,52.05,49,49.45,NaN,NaN,NaN,NaN,57.43219646270244,0,0,55.701023663366726,0,11.847306912906278,18.76681036795313,-94.97206703910612,-98.56915739268679