time,open,high,low,close,Fixed Stop Loss,Trailing Stop,Up Trend Current,Down Trend Current,Entry1,Entry2,EMA 15,Armed,K,D,%R,%R
1752734400,357.6,358.5,353.8,353.8,NaN,NaN,NaN,358.40087451604035,0,0,356.36097579135367,0,50.441281582977005,52.437345280594855,-59.493670886075975,-80.59701492537299
1752734460,356.95,357.4,356.95,356.95,NaN,NaN,NaN,358.40087451604035,0,0,356.43460381743444,0,78.87267596144648,61.56209991719232,-19.620253164557163,-64.92537313432834
1752734580,356.95,356.95,356.95,356.95,NaN,NaN,NaN,358.40087451604035,0,0,356.4990283402551,0,73.97073700658261,67.76156485033536,-19.620253164557163,-60.83333333333327
1752734640,357,357,354,354,NaN,NaN,NaN,358.40087451604035,0,0,356.18664979772325,0,74.57647135001167,75.80662810601358,-56.96202531645586,-77.2222222222221
1752734700,354.2,354.2,354.2,354.2,NaN,NaN,NaN,358.40087451604035,0,0,355.93831857300785,0,64.67218092122651,71.07312975927358,-54.43037974683574,-74.85380116959061
1752734820,346,353.5,346,353,NaN,NaN,NaN,358.40087451604035,0,0,355.57102875138185,0,50.31088270085769,63.186511657365294,-44,-62.36559139784951
1752734880,350.45,350.45,349.25,349.25,NaN,NaN,NaN,358.40087451604035,0,0,354.7809001574591,0,33.87718846804959,49.6200840300446,-74,-81.4814814814815
1752734940,347.9,350.85,347.9,348.55,NaN,NaN,NaN,358.40087451604035,0,0,354.0020376377767,0,15.350084518365287,33.179385229090855,-79.59999999999991,-85.47008547008541
1752735000,350.9,351.9,350.9,351.9,NaN,NaN,NaN,358.40087451604035,0,0,353.7392829330546,0,16.47467963437671,21.900650873597197,-52.80000000000018,-60.26936026936048
1752735060,348.8,351,348.8,351,NaN,NaN,NaN,358.40087451604035,0,0,353.39687256642276,1,27.198309641219534,19.67435793132051,-56.140350877192894,-66.32996632996638
1752735120,351,351,348,348,NaN,NaN,NaN,358.40087451604035,0,0,352.7222634956199,0,29.126944524701443,24.266644600099227,-81.81818181818181,-86.53198653198655
1752735180,345.9,348.85,345.9,348.85,NaN,NaN,NaN,356.96810232678854,0,0,352.23823055866745,0,19.92372086434318,25.416325010088055,-73.42342342342307,-80.26755852842786
1752735240,348.85,348.85,347.45,347.45,NaN,NaN,NaN,356.96810232678854,0,0,351.639701738834,0,9.145496048591275,19.398720479211967,-81.32530120481917,-89.63210702341132
1752735300,348.75,348.75,348.75,348.75,NaN,NaN,NaN,356.96810232678854,0,0,351.27848902147974,0,16.334040810449206,15.134419241127887,-62.499999999999815,-80.93645484949823
1752735420,349,349.5,349,349.5,NaN,NaN,NaN,356.96810232678854,0,0,351.05617789379477,1,23.896164576951403,16.45856714533063,-39.99999999999962,-75.9197324414715
1752735480,351.1,353,351.1,351.95,NaN,NaN,NaN,356.96810232678854,0,0,351.16790565707043,0,50.07754180749697,30.102582398299194,-14.78873239436631,-59.53177257525088
1752735540,351.1,353.35,350.6,352.4,NaN,NaN,NaN,356.96810232678854,0,0,351.3219174499366,0,74.29369549549044,49.422467293312934,-12.751677852349525,-56.521739130434916
1752735600,350.5,350.5,350.5,350.5,NaN,NaN,NaN,356.96810232678854,0,0,351.2191777686945,0,82.80357951472608,69.05827227257116,-38.25503355704705,-69.23076923076917
1752735660,349.5,349.5,349.5,349.5,NaN,NaN,NaN,356.9361699242857,0,0,351.0042805476077,0,71.76308232564104,76.28678577861918,-51.67785234899328,-75.9197324414715
1752735720,348.4,349.7,348,348,NaN,NaN,NaN,356.0525529318572,0,0,350.62874547915675,0,46.478260373503446,67.01497407129018,-71.81208053691262,-83.33333333333319
1752735780,346.5,347.95,346.5,347.95,NaN,NaN,NaN,354.1572976386715,0,0,350.2939022942621,0,32.18305040683427,50.14146436865959,-78.8321167883214,-83.73015873015866
1752735900,348.25,348.25,348.25,348.25,NaN,NaN,NaN,354.1572976386715,0,0,350.0384145074794,0,24.9222636092332,34.52785812985697,-74.45255474452563,-81.3492063492062
1752735960,346,346,345,345.2,NaN,NaN,NaN,352.17116108732387,0,0,349.4336126940445,0,16.873752228037457,24.659688748034977,-97.60479041916182,-98.5185185185186
1752736020,344.3,345.95,344.3,345.95,NaN,NaN,NaN,351.6240449785915,0,0,348.9981611072889,0,14.54175843232747,18.779258089866044,-81.76795580110524,-88.38028169014099
1752736080,345,345,342.3,342.3,NaN,NaN,NaN,350.5941404807323,0,0,348.1608909688778,0,5.436271637112472,12.283927432492467,-100,-100
1752736140,341.95,342.8,341.95,341.95,NaN,NaN,NaN,348.8797264326591,0,0,347.3845295977681,0,5.436271637112472,8.471433902184138,-100,-100
1752736200,341.05,342.55,341.05,342.55,NaN,NaN,NaN,348.1042537893932,0,0,346.78021339804707,0,3.5646027505122384,4.812382008245728,-82.65895953757222,-91.40401146131805
1752736260,342.6,342.6,342.6,342.6,NaN,NaN,NaN,348.1042537893932,0,0,346.25768672329116,0,7.439709076968318,5.480194488197676,-82.08092485549115,-91.11747851002858
1752736320,346.7,356.05,346.7,355.95,NaN,NaN,342.2200544305915,NaN,0,0,347.46922588287975,1,40.773042410301656,17.259118079260737,-0.6666666666668183,-8.868501529051937
1752736380,358.75,365,358.45,365,NaN,NaN,350.7705489875324,NaN,0,0,349.66057264751976,0,70.54177299312275,39.58484149346424,0,0
1752736440,364.05,364.05,356.85,358,NaN,NaN,350.7705489875324,NaN,0,0,350.70300106657976,0,89.95525595844238,67.09002378728893,-29.2275574112735,-29.2275574112735
1752736500,355.8,356.8,355.05,356.8,NaN,NaN,350.7705489875324,NaN,0,0,351.4651259332573,0,78.39967954337892,79.63223616498135,-34.23799582463462,-34.23799582463462
1752736560,357.7,358.85,357.7,358.45,NaN,NaN,350.7705489875324,NaN,0,0,352.3382351916001,0,68.39409399916309,78.91634316699479,-27.34864300626311,-27.34864300626311
1752736680,354.2,354.2,346.65,346.65,NaN,NaN,NaN,364.20497030928,0,0,351.6272057926501,0,55.86597667036411,67.5532500709687,-76.61795407098134,-76.61795407098134
1752736740,346,349.9,346,349.9,NaN,NaN,NaN,361.521973278352,0,0,351.4113050685688,0,48.093006390709725,57.451025686745645,-63.048016701461506,-63.048016701461506
1752736860,348.7,349,347.7,347.7,NaN,NaN,NaN,361.2247759505168,0,0,350.9473919349977,0,36.78125706830816,46.91341337646066,-77.23214285714299,-72.23382045929027
1752736920,350,351.75,349.95,350.8,NaN,NaN,NaN,361.2247759505168,0,0,350.928967943123,0,41.15335516936106,42.00920620945964,-74.7368421052631,-59.29018789144048
1752737040,349.05,349.05,349.05,349.05,NaN,NaN,NaN,361.09706851991865,0,0,350.6940969502326,0,40.58910124998925,39.50790449588615,-83.94736842105257,-66.59707724425886
1752737100,350.25,350.25,350.25,350.25,NaN,NaN,NaN,361.09706851991865,0,0,350.63858483145356,0,43.28298174184181,41.67514605373071,-76.45429362880888,-61.58663883089773
1752737220,346.9,347.15,346.9,347.15,NaN,NaN,NaN,358.1121255011341,0,0,350.2025117275219,0,38.6472433095351,40.83977543378871,-91.05058365758774,-74.53027139874752
1752737340,347.85,348,347.55,347.55,NaN,NaN,NaN,358.00841295102066,0,0,349.87094776158165,0,36.09753178457712,39.34258561198467,-87.93774319066141,-72.86012526096032
1752737400,346.55,347.7,346.55,347.7,NaN,NaN,NaN,356.6800716559186,0,0,349.5995792913839,0,23.596190747029848,32.78032194704735,-79.26829268292694,-72.23382045929027
1752737460,346.55,350.05,346.55,350.05,NaN,NaN,NaN,356.6800716559186,0,0,349.65588187996093,0,19.6587764180125,26.45083298320648,-29.56521739130415,-62.42171189979121
1752737520,350,350.75,350,350.75,NaN,NaN,NaN,356.6800716559186,0,0,349.7926466449658,1,22.85452092257834,22.036496029206887,-19.230769230769273,-59.49895615866391
1752737580,350.8,350.8,350.7,350.7,NaN,NaN,NaN,356.6800716559186,0,0,349.9060658143451,0,34.55261187755884,25.68863640604989,-20.192307692307956,-59.70772442588734
1752737700,347.25,347.25,337.85,340.9,NaN,NaN,NaN,353.6487825134482,0,0,348.78030758755193,0,27.993194574853266,28.466775791663476,-76.44787644787678,-88.76611418047898
1752737760,338.1,339,336.1,338.45,NaN,NaN,NaN,348.97890426210336,0,0,347.48901913910794,0,13.906628876001728,25.48414510947127,-84.0136054421771,-91.86851211072674
1752737820,338.3,343.4,338.3,341.45,NaN,NaN,NaN,348.97890426210336,0,0,346.73414174671944,0,10.772506753167361,17.55744340134078,-63.60544217687095,-81.4878892733565
1752737880,340,340,340,340,NaN,NaN,NaN,348.97890426210336,0,0,345.8923740283795,0,18.076843391321045,14.25199300683004,-73.46938775510218,-86.50519031141876
1752737940,341.75,343,340.85,343,NaN,NaN,NaN,348.97890426210336,0,0,345.53082727483206,1,35.92709232724439,21.592147490577588,-53.06122448979604,-76.1245674740485
1752738000,341.95,343,341.95,343,NaN,NaN,NaN,348.97890426210336,0,0,345.21447386547806,0,43.004834510000364,32.336256742855255,-53.06122448979604,-76.1245674740485
1752738120,340,340.45,340,340,NaN,NaN,NaN,348.97890426210336,0,0,344.5626646322933,0,45.37351039087801,41.43514574270758,-73.46938775510218,-86.50519031141876
1752738180,340.5,340.5,338.65,338.65,NaN,NaN,NaN,348.97890426210336,0,0,343.82358155325664,0,33.69555258515226,40.6912991620102,-82.65306122449009,-91.17647058823545
1752738240,340.85,340.85,339.9,339.9,NaN,NaN,NaN,348.97890426210336,0,0,343.3331338590996,0,27.089209363272847,35.3860907797677,-65.9192825112111,-86.85121107266451
1752738300,340.15,340.9,338.6,339.65,NaN,NaN,NaN,348.7605021230647,0,0,342.8727421267121,0,27.929127137042084,29.57129636182239,-51.369863013698954,-87.71626297577869
1752738360,343.05,345.3,343,343,NaN,NaN,NaN,348.7605021230647,0,0,342.8886493608731,0,45.8851277228808,33.63448807439857,-32.85714285714302,-76.1245674740485
1752738420,342.35,342.4,342,342.4,NaN,NaN,NaN,348.7605021230647,0,0,342.82756819076394,0,56.72911823492955,43.51445769828413,-43.28358208955282,-78.20069204152263
1752738480,341.95,341.95,338.5,339.05,NaN,NaN,NaN,348.7605021230647,0,0,342.35537216691847,0,57.57381239811098,53.396019451973764,-91.9117647058822,-89.44543828264761
1752738540,339.8,339.8,338.2,338.2,NaN,NaN,NaN,347.9234454429428,0,0,341.8359506460537,0,45.50258156226812,53.26850406510287,-100,-90.76923076923093
1752738600,339.7,339.7,339.7,339.7,NaN,NaN,NaN,347.9234454429428,0,0,341.568956815297,0,44.80245844376219,49.29295080138042,-78.87323943661978,-84.17582417582433
1752738660,340.25,340.25,339,339,NaN,NaN,NaN,347.63299080878363,0,0,341.24783721338486,0,46.31073062817387,45.538590211401385,-88.73239436619706,-83.97790055248629
1752738720,338.15,338.15,338.15,338.15,NaN,NaN,NaN,345.61219172790527,0,0,340.86060756171173,0,41.65942434439571,44.25753780544391,-100,-86.90095846645394
1752738780,336.65,336.65,336.65,336.65,NaN,NaN,NaN,343.81597255511474,0,0,340.3342816164978,0,20.27165123680896,36.08060206979284,-100,-96.48562300319517
1752738840,337.2,337.2,331.9,334.95,NaN,NaN,NaN,342.58937529960326,0,0,339.66124641443554,0,7.405754596415278,23.112276725873304,-77.23880597014923,-84.63476070528964
1752738900,334.95,336.85,334.95,336.85,NaN,NaN,NaN,342.58937529960326,0,0,339.3098406126311,0,13.932591637401439,13.869999156875215,-52.85714285714242,-73.80952380952361
1752738960,335.15,337.15,333.9,337.15,NaN,NaN,NaN,342.58937529960326,0,0,339.0398605360522,1,30.040438029694105,17.126261421170266,-47.761194029850806,-72.22222222222227
1752739020,336.5,336.6,336.5,336.6,NaN,NaN,NaN,342.58937529960326,0,0,338.73487796904567,0,43.236887351513325,29.069972339536278,-43.712574850299006,-75.13227513227494
1752739080,338.7,338.7,337.2,337.2,NaN,NaN,NaN,342.58937529960326,0,0,338.54301822291495,0,47.32051224381362,40.199279208340336,-36.52694610778447,-71.95767195767195
1752739140,337.65,340.65,337.65,339,NaN,NaN,NaN,342.58937529960326,0,0,338.6001409450506,0,63.206714950691,51.25470484867264,-18.8571428571426,-62.43386243386238
1752739200,340.5,340.5,338.6,338.95,NaN,NaN,NaN,342.58937529960326,0,0,338.6438733269193,0,82.99655540593422,64.5079275334796,-19.4285714285713,-62.6984126984127
1752739320,337.8,337.8,337.8,337.8,NaN,NaN,NaN,342.58937529960326,0,0,338.5383891610544,0,89.85909869042273,78.68745634901597,-32.57142857142818,-68.78306878306866
1752739380,339.1,339.1,337.85,337.85,NaN,NaN,NaN,342.58937529960326,0,0,338.45234051592263,0,83.20354463453248,85.35306624362981,-31.99999999999948,-68.51851851851833
1752739440,341.25,341.25,341.25,341.25,NaN,NaN,NaN,342.58937529960326,0,0,338.8020479514323,0,83.55058819080338,85.5377438385862,0,-39.087947882736096
1752739500,341.95,342.85,341.3,341.3,NaN,NaN,NaN,342.58937529960326,0,0,339.11429195750327,0,92.00516170994645,86.25309817842742,-17.318435754189984,-29.85074626865664
1752739560,344.8,348.15,342.4,344,NaN,NaN,337.0799237694583,NaN,0,0,339.7250054628154,0,100,91.85191663358326,-35.6223175965664,-25.538461538461398
1752739620,342,342,342,342,NaN,NaN,337.0799237694583,NaN,0,0,340.00937977996347,0,92.1282734173674,94.71114504243793,-56.16438356164369,-37.846153846153705
1752739680,346.55,346.55,346.55,346.55,NaN,NaN,338.0069882532612,NaN,0,0,340.82695730746804,0,92.1282734173674,94.75218227824492,-15.238095238094914,-9.846153846153637
1752739740,345.4,345.4,345.4,345.4,NaN,NaN,338.0069882532612,NaN,0,0,341.39858764403454,0,87.59883736040665,90.61846139838046,-26.57004830917883,-16.923076923076923
1752739860,345,346.2,345,346.2,NaN,NaN,338.0096604851416,NaN,0,0,341.99876418853023,0,93.10794984444372,90.9450202074059,-18.84057971014488,-11.99999999999993
1752739920,343.9,343.9,343.9,343.9,NaN,NaN,338.0096604851416,NaN,0,0,342.23641866496394,0,81.80295688950203,87.50324803145078,-41.26213592233028,-26.153846153846153
1752739980,346.55,346.55,346.55,346.55,NaN,NaN,338.9858249929647,NaN,0,0,342.7756163318434,0,82.17048716458662,85.69379796617744,-23.18840579710103,-9.846153846153637
1752740040,345.3,345.8,344.75,345.8,NaN,NaN,338.9858249929647,NaN,0,0,343.153664290363,0,76.50641722916153,80.15995376108337,-34.30656934306537,-14.461538461538252
1752740100,345.8,345.8,343,343,NaN,NaN,338.9858249929647,NaN,0,0,343.13445625406763,0,67.93265495048036,75.53651978140948,-83.73983739837392,-31.69230769230755
1752740160,340,340,338,338.8,NaN,NaN,NaN,347.2076835801288,0,0,342.5926492223092,0,38.761227399023205,61.06676652622168,-90.64327485380105,-57.53846153846133
1752740220,338.8,339.8,338.8,339.8,NaN,NaN,NaN,346.9869152221159,0,0,342.24356806952056,0,17.2860574750016,41.32664660816837,-78.94736842105253,-51.384615384615174
1752740400,340.95,340.95,340.95,340.95,NaN,NaN,NaN,346.9869152221159,0,0,342.0818720608305,0,12.023747614775624,22.690344162933457,-65.497076023392,-44.307692307692236
1752740460,340.95,340.95,340.75,340.75,NaN,NaN,NaN,346.9869152221159,0,0,341.9153880532267,0,19.50575912777551,16.271854739184246,-67.83625730994156,-45.5384615384614
1752740520,345,353,345,352.7,NaN,NaN,339.3877888030775,NaN,0,0,343.26346454657335,1,49.00761308581772,26.845706609456283,-2.000000000000076,-1.421800947867351
1752740580,352.8,360,352.15,355.7,NaN,NaN,345.06900992276974,NaN,0,0,344.81803147825167,0,74.14867817966655,47.55401679775326,-19.545454545454596,-15.302491103202875
1752740640,349.75,349.75,348,348,NaN,NaN,345.06900992276974,NaN,0,0,345.2157775434702,0,82.6937191958328,68.61667015377236,-54.54545454545455,-42.70462633451954
1752740760,349,349,348.7,348.7,NaN,NaN,345.06900992276974,NaN,0,0,345.6513053505364,0,66.46372107831216,74.43537281793718,-51.36363636363642,-40.21352313167261
1752741000,350.8,350.8,350.8,350.8,NaN,NaN,345.06900992276974,NaN,0,0,346.2948921817194,0,53.4543341904886,67.53725815487786,-41.81818181818176,-35.2490421455938
1752741060,347.6,347.6,347.6,347.6,NaN,NaN,345.06900992276974,NaN,0,0,346.45803065900446,0,51.23677704379244,57.051610770864414,-58.490566037735775,-47.50957854406117
1752741120,347.45,348.4,347.45,348.4,NaN,NaN,345.06900992276974,NaN,0,0,346.7007768266289,0,49.289773145221176,51.32696145983408,-60.259740259740376,-49.36170212765967
1752741180,345.45,346.85,345.45,346.85,NaN,NaN,345.06900992276974,NaN,0,0,346.71942972330027,0,40.93269411817398,47.153081435729206,-68.31168831168819,-57.6754385964911
1752741240,345,345,340.25,340.45,NaN,NaN,NaN,353.41443964536995,0,0,345.93575100788775,0,27.773409127557116,39.3319587969841,-98.98734177215195,-87.47203579418341
1752741300,343.7,343.7,343.7,343.7,NaN,NaN,NaN,353.41443964536995,0,0,345.6562821319018,0,19.357918873714016,29.35467403981504,-82.53164556962031,-73.42342342342351
1752741360,343.4,344.5,343.4,344.5,NaN,NaN,NaN,353.41443964536995,0,0,345.51174686541407,0,15.080844876820189,20.737390959363783,-59.71563981042658,-69.81981981981986
1752741420,343.4,343.4,343.4,343.4,NaN,NaN,NaN,352.6822515014747,0,0,345.2477785072373,1,20.083758955702553,18.174174235412263,-70.14218009478698,-74.9435665914223
1752741480,341,342.8,340.45,340.45,NaN,NaN,NaN,350.86402635132725,0,0,344.64805619383264,0,13.760897156140368,16.308500329554377,-98.10426540284371,-88.86363636363642
1752741540,339.8,341.65,339.45,341.65,NaN,NaN,NaN,349.52512371619446,0,0,344.27329916960355,0,9.068534472067642,14.304396861303529,-75.41899441340792,-83.409090909091
1752741600,341.65,341.65,341.65,341.65,NaN,NaN,NaN,349.52512371619446,0,0,343.94538677340313,0,6.412840738828183,9.747424122345405,-75.41899441340792,-83.409090909091
1752741660,337.8,337.9,327.1,327.1,NaN,NaN,NaN,344.1348502101176,0,0,341.8397134267277,0,5.994861474992052,7.1587455619626335,-100,-100
1752741720,325,326.45,322,326.05,NaN,NaN,NaN,336.2263651891058,0,0,339.86599924838674,0,2.9974307374960296,5.13504431710543,-82.39130434782604,-89.34210526315788
1752741780,328.05,330.1,327.7,330.1,NaN,NaN,NaN,336.2263651891058,0,0,338.6452493423384,0,7.593825673730412,5.528705962072839,-63.9999999999999,-78.68421052631572
1752741840,330,331.3,329.45,331.3,NaN,NaN,NaN,336.2263651891058,0,0,337.7270931745461,0,18.878964162875377,9.82340685803394,-58.666666666666615,-75.52631578947366
1752741900,328.6,330.8,328,328,NaN,NaN,NaN,336.2263651891058,0,0,336.51120652772784,1,26.05213641343704,17.508308750014276,-71.96261682242988,-84.21052631578948
1752741960,325.1,327.6,324.6,326.7,NaN,NaN,NaN,336.2263651891058,0,0,335.28480571176186,0,24.692999085451948,23.20803322058812,-77.40384615384622,-87.63157894736844
1752742020,324.95,326.35,319,324.5,NaN,NaN,NaN,334.9933426305151,0,0,333.93670499779165,0,17.271412583214875,22.67218269403462,-75.7174392935982,-86.58536585365853
1752742080,323.8,323.8,320.9,321.55,NaN,NaN,NaN,334.5165083674636,0,0,332.3883668730677,0,10.098240332653214,17.354217333773345,-88.74172185430457,-93.78048780487802
1752742140,317,320.9,314.4,320.1,NaN,NaN,NaN,330.74485753071724,0,0,330.8523210139342,0,3.8635519869078885,10.411068300925326,-75.74468085106363,-87.4999999999999
1752742200,320.4,320.8,315,315,NaN,NaN,NaN,330.74485753071724,0,0,328.87078088719244,0,2.3684757858670005e-15,4.653930773187035,-96.44970414201171,-98.68421052631574
1752742260,316.7,322.5,316.7,319.6,NaN,NaN,NaN,330.74485753071724,0,0,327.7119332762934,0,13.054970052006965,5.639507346304953,-69.23076923076903,-88.59649122807008
1752742320,320,321.6,319.5,321.6,NaN,NaN,NaN,330.74485753071724,0,0,326.94794161675674,1,31.293811797369557,14.782927283125508,-57.39644970414183,-84.21052631578938
1752742380,321,324.15,320.55,324.15,NaN,NaN,NaN,330.74485753071724,0,0,326.59819891466213,0,55.88305975407073,33.41061386781575,-40.548780487805004,-78.61842105263159
1752742440,323.75,323.8,322.95,322.95,NaN,NaN,NaN,330.74485753071724,0,0,326.14217405032934,0,73.45498401545322,53.54395185563117,-35.22727272727286,-81.24999999999999
1752742500,323.75,323.75,320.6,320.6,NaN,NaN,NaN,330.74485753071724,0,0,325.4494022940382,0,80.64605683307538,69.99470020086643,-48.117154811715295,-82.96703296703286
1752742560,321.8,322,321.4,321.4,NaN,NaN,NaN,330.74485753071724,0,0,324.9432270072834,0,84.4757857919705,79.52560888016636,-28.205128205128204,-80.76923076923079
1752742620,323.1,323.1,322.65,322.65,NaN,NaN,NaN,330.74485753071724,0,0,324.65657363137296,0,87.01414547866524,84.0453293679037,-15.384615384615385,-77.33516483516486
1752742680,321,321,319.95,319.95,NaN,NaN,NaN,330.74485753071724,0,0,324.06825192745134,0,88.05382231629231,86.51458452897602,-45.901639344262286,-83.67647058823526
1752742740,317.55,317.55,309,310.2,NaN,NaN,NaN,325.9247115975022,0,0,322.33472043651994,0,67.53079180036832,80.86625319844195,-92.07920792079214,-96.95431472081222
1752742800,308.45,311.7,303.6,311.7,NaN,NaN,NaN,321.46474043775197,0,0,321.005380381955,0,47.89812759855912,67.82758057173992,-60.58394160583949,-81.27167630057812
1752742860,311.7,313.55,308.4,308.4,NaN,NaN,NaN,321.46474043775197,0,0,319.4297078342106,0,29.520940588516158,48.31661999581454,-76.64233576642353,-88.40579710144938
1752742920,309.8,309.8,308.85,309.6,NaN,NaN,NaN,321.46474043775197,0,0,318.20099435493427,0,34.3807251645147,37.266597783863325,-70.29702970297028,-85.33007334963324
1752742980,310.55,316.25,310.55,314.35,NaN,NaN,NaN,321.46474043775197,0,0,317.7196200605675,0,50.68699469167953,38.1962201482368,-46.65012406947885,-73.7163814180929
1752743040,314.25,314.25,311.65,313.2,NaN,NaN,NaN,321.46474043775197,0,0,317.15466755299656,0,68.14285651559204,51.070192123928756,-50.769230769230944,-75.87939698492468
1752743100,313.35,313.5,313.1,313.5,NaN,NaN,NaN,321.46474043775197,0,0,316.697834108872,0,82.36084023772474,67.06356381499877,-49.23076923076935,-74.74489795918372
1752743160,315.4,318.9,315.4,316,NaN,NaN,NaN,321.46474043775197,0,0,316.61060484526297,0,85.85531424561823,78.786336999645,-28.735632183908084,-67.41130091984233
1752743220,317,318.8,316.6,318.35,NaN,NaN,NaN,321.46474043775197,0,0,316.8280292396051,0,93.6403813644702,87.28551194927105,-3.594771241829779,-61.23521681997367
1752743280,316.85,321,316.85,320.15,NaN,NaN,NaN,321.46474043775197,0,0,317.24327558465444,0,100,93.16523187002947,-4.8850574712645045,-51.749271137026305
1752743340,321.45,322.25,317.55,317.55,NaN,NaN,NaN,321.46474043775197,0,0,317.28161613657267,0,94.11728378204721,95.9192217155058,-33.93501805054138,-49.63898916967511
1752743400,317,317,313.6,314.45,NaN,NaN,NaN,321.46474043775197,0,0,316.92766411950106,0,81.8199577683623,91.97908051680315,-58.20895522388078,-60.8303249097474
1752743460,311.4,313.4,311.4,313.4,NaN,NaN,NaN,321.46474043775197,0,0,316.48670610456344,0,67.44537617671584,81.12753924237511,-75.6410256410259,-64.620938628159
1752743520,313.1,313.1,311.35,311.9,NaN,NaN,NaN,321.46474043775197,0,0,315.913367841493,0,55.99030920801476,68.41854771769762,-94.95412844036738,-69.48529411764721
1752743580,310.7,313.7,310.7,313.7,NaN,NaN,NaN,321.46474043775197,0,0,315.6366968613064,0,56.43734317345224,59.957676186060944,-74.02597402597405,-57.916666666666806
1752743640,315.25,316,314.15,316,NaN,NaN,NaN,321.46474043775197,0,0,315.6821097536431,0,65.70751189331844,59.37838809159515,-54.11255411255406,-45.494505494505596
1752743700,314,314,314,314,NaN,NaN,NaN,321.46474043775197,0,0,315.4718460344377,0,72.09254823400126,64.74580110025731,-71.42857142857136,-49.39172749391727
1752743760,313,313.35,311,311,NaN,NaN,NaN,321.46474043775197,0,0,314.912865280133,0,54.65656008438959,64.15220673723643,-97.40259740259731,-63.990267639902704
1752743820,312.05,312.05,307,307,NaN,NaN,NaN,320.1091119665022,0,0,313.9237571201164,0,26.427639622836537,51.05891598040913,-100,-83.45498783454995
1752743880,307.9,308.25,299.8,301.45,NaN,NaN,NaN,316.08570076985194,0,0,312.3645374801019,0,4.047053135474239,28.37708428090012,-90.40697674418617,-93.22381930184814
1752743940,301.95,303.8,298.55,303.2,NaN,NaN,NaN,313.6046306928668,0,0,311.21897029508915,0,5.7484614002872405,12.074384719532672,-73.35243553008607,-81.83593750000007
1752744000,302.8,304.65,301.15,302.6,NaN,NaN,NaN,313.6046306928668,0,0,310.141599008203,0,10.518508081664473,6.771340872475316,-76.79083094555865,-84.17968749999993
1752744060,301.45,301.45,294,295.45,NaN,NaN,NaN,311.3180008612221,0,0,308.30514913217763,0,10.518508081664473,8.928492521205394,-93.40909090909095,-95.1342281879195
1752744120,297.95,300.3,297.55,299.35,NaN,NaN,NaN,311.3180008612221,0,0,307.1857554906554,0,16.929041496261366,12.655352553196769,-75.68181818181807,-82.016806722689
1752744180,300.15,300.15,298.3,299.85,NaN,NaN,NaN,311.3180008612221,0,0,306.2687860543235,1,25.81677314137373,17.754774239766522,-70.74999999999989,-79.89690721649478
1752744240,300.4,304.1,298.35,304.1,NaN,NaN,NaN,311.3180008612221,0,0,305.9976877975331,0,51.57512087585628,31.44031183783046,-47.80361757105938,-65.29209621993122
1752744300,306.1,306.1,302,302.8,NaN,NaN,NaN,311.3180008612221,0,0,305.5979768228415,0,62.73950524338367,46.71046642020456,-51.24653739612185,-68.84955752212386
1752744360,303.6,304.45,303.6,304.15,NaN,NaN,NaN,311.3180008612221,0,0,305.4169797199863,0,76.20218604768138,63.50560405564045,-28.771929824561564,-64.07079646017708
1752744420,304.85,311.1,303.65,311.1,NaN,NaN,NaN,311.3180008612221,0,0,306.127357254988,0,83.77717164653217,74.23962097919907,0,-39.46902654867249
1752744480,310.45,311.95,306,306.65,NaN,NaN,NaN,311.3180008612221,0,0,306.1926875981145,0,86.6864786956822,82.22194546329858,-29.52646239554326,-55.221238938053176
1752744540,304.25,304.9,301.2,301.2,NaN,NaN,NaN,311.3180008612221,0,0,305.5686016483502,0,78.41881142181872,82.96082058801102,-59.88857938718667,-74.51327433628322
1752744600,303.2,305.35,302.35,305.1,NaN,NaN,NaN,311.3180008612221,0,0,305.5100264423064,0,70.54247638833077,78.54925550194389,-47.56944444444428,-60.70796460176983
1752744660,303.6,303.6,299.25,300,NaN,NaN,NaN,311.3180008612221,0,0,304.8212731370181,0,63.305005388523846,70.75543106622445,-87.5457875457876,-78.76106194690266
1752744720,299.95,301,299,299,NaN,NaN,NaN,311.3180008612221,0,0,304.09361399489086,0,62.2557581777368,65.36774665153047,-95.22058823529427,-82.30088495575221
1752744780,300.65,305,300.65,304,NaN,NaN,NaN,311.3180008612221,0,0,304.0819122455295,0,62.968092506532905,62.84295202426451,-61.38996138996136,-64.60176991150442
1752744840,303.85,304.25,302.45,304.25,NaN,NaN,NaN,311.3180008612221,0,0,304.1029232148383,0,70.54251780845887,65.25545616424284,-59.459459459459424,-63.716814159292035
1752744900,305,306,304.6,304.6,NaN,NaN,NaN,311.3180008612221,0,0,304.16505781298355,0,77.54737123731762,70.35266051743646,-56.756756756756545,-62.47787610619461
1752744960,304.7,305.25,303.5,304.35,NaN,NaN,NaN,311.3180008612221,0,0,304.1881755863606,0,75.17950643674597,74.42313182750748,-58.68725868725848,-63.362831858407
1752745020,305.45,309,305.45,308.1,NaN,NaN,NaN,311.3180008612221,0,0,304.67715363806553,0,81.9431992363987,78.2233589701541,-8.999999999999773,-38.69565217391295
1752745080,308.1,309,307,308.9,NaN,NaN,NaN,311.3180008612221,0,0,305.20500943330734,0,90.4681344947365,82.53028005596038,-1.0000000000002274,-32.27272727272737
1752745140,309.7,311.35,308.4,311.35,NaN,NaN,298.8830550903959,NaN,0,0,305.97313325414393,0,99.99999999999999,90.80377791037837,0,-21.136363636363534
1752745200,311.5,311.75,309.65,309.8,NaN,NaN,300.17724958135625,NaN,0,0,306.45149159737593,0,94.97429887799528,95.14747779091057,-15.294117647058734,-28.18181818181813
1752745260,308.95,309.8,308.5,308.5,NaN,NaN,300.17724958135625,NaN,0,0,306.70755514770394,0,85.76621410429789,93.58017099409771,-29.27927927927922,-34.09090909090909
1752745320,308.1,308.1,306.5,308.1,NaN,NaN,300.17724958135625,NaN,0,0,306.88161075424097,0,75.2402673570852,85.32692677979279,-39.24731182795669,-29.499999999999886
1752745380,308.85,311,308.7,311,NaN,NaN,300.45301494480873,NaN,0,0,307.3964094099608,0,78.63330733657295,79.87992959931869,-9.090909090909092,-12.144702842377365
1752745440,310.1,311.3,309.1,309.95,NaN,NaN,301.0827134503279,NaN,0,0,307.7156082337157,0,82.41750997636794,78.7636948900087,-21.818181818181955,-11.634349030471032
1752745500,310.65,312.5,309.2,311.4,NaN,NaN,301.6544421052951,NaN,0,0,308.17615720450124,0,92.03754035376657,84.36278588890248,-15.602836879432921,-5.945945945946069
1752745560,310,310,308.45,308.6,NaN,NaN,301.6544421052951,NaN,0,0,308.2291375539386,0,75.11804182877266,83.19103071963572,-64.99999999999962,-21.08108108108096
1752745620,308.95,309.8,308.8,309.15,NaN,NaN,301.6544421052951,NaN,0,0,308.3442453596963,0,64.61657254558224,77.25738490937381,-55.83333333333371,-18.10810810810823
1752745680,309.2,309.3,307.15,307.15,NaN,NaN,301.6544421052951,NaN,0,0,308.19496468973426,0,36.753099122738156,58.82923783236435,-89.16666666666704,-28.91891891891904
1752745740,307,307.4,304.8,304.8,NaN,NaN,301.6544421052951,NaN,0,0,307.7705941035175,0,21.97192545691567,41.11386570841202,-100,-51.50501672240799
1752745800,305.3,305.35,303.05,303.05,NaN,NaN,301.6544421052951,NaN,0,0,307.1805198405778,0,4.563943540675143,21.096322706776316,-100,-66.54929577464786
1752745860,303.75,303.75,300.9,301.5,NaN,NaN,NaN,310.5486811331199,0,0,306.4704548605056,0,-3.493501784153826e-14,8.845289665863584,-94.82758620689637,-77.7385159010602
1752745920,301.5,301.55,300,301.25,NaN,NaN,NaN,308.64131301980785,0,0,305.8178980029424,0,-3.730349362740526e-14,1.5213145135583488,-90,-83.33333333333333
1752745980,301.45,302.35,299.8,300,NaN,NaN,NaN,308.64131301980785,0,0,305.0906607525746,0,-3.730349362740526e-14,-4.470498045823964e-14,-98.42519685039379,-92.5925925925926
1752746040,300.65,300.65,298.7,299.35,NaN,NaN,NaN,307.32021354604433,0,0,304.3730781585028,0,-3.730349362740526e-14,-4.549447238686197e-14,-94.24778761061917,-95.28985507246352
1752746100,298.85,301.4,297.95,297.95,NaN,NaN,NaN,307.32021354604433,0,0,303.5701933886899,0,-3.730349362740526e-14,-4.549447238686197e-14,-100,-100
1752746160,298,298,296,296.15,NaN,NaN,NaN,304.72412297229596,0,0,302.6426692151037,0,-3.730349362740526e-14,-4.549447238686197e-14,-98.87218045112799,-99.09090909090924
1752746220,297.35,298.45,297.35,297.65,NaN,NaN,NaN,304.72412297229596,0,0,302.0185855632157,0,5.807539178483398,1.9358463928277745,-85.52631578947386,-90.00000000000014
1752746280,298.55,298.85,297,298.15,NaN,NaN,NaN,304.72412297229596,0,0,301.53501236781375,0,13.531197271129713,6.446245483204358,-77.00534759358318,-86.96969696969711
1752746340,297.6,298.35,295.35,296.45,NaN,NaN,NaN,304.4392856468038,0,0,300.89938582183703,0,18.24531560935301,12.528017352988707,-86.90476190476228,-93.58600583090399
1752810300,301.75,303.05,285.25,289.2,NaN,NaN,NaN,304.4392856468038,0,0,299.4369625941074,0,12.437776430869574,14.738096437117434,-77.80898876404503,-85.50458715596334
1752810360,286.1,286.1,274,274,NaN,NaN,NaN,295.56332137391104,0,0,296.257342269844,0,4.714118338223258,11.799070126148616,-99.99999999999999,-100
1752810420,275.7,275.7,266.9,271.95,NaN,NaN,NaN,287.9019892365199,0,0,293.2189244861135,0,-3.730349362740526e-14,5.717298256364266,-86.03042876901796,-88.9254385964912
1752810480,270.75,273.95,266.55,270,NaN,NaN,NaN,287.41179031286794,0,0,290.31655892534934,0,-3.730349362740526e-14,1.571372779407728,-90.54794520547948,-92.49183895538631
1752810540,270.9,271.8,266.55,268.15,NaN,NaN,NaN,286.19561128158114,0,0,287.54573905968067,0,-3.730349362740526e-14,-3.730349362740526e-14,-95.61643835616448,-96.51795429815023
1752810600,267.95,271.95,263.75,269.75,NaN,NaN,NaN,285.6285501534231,0,0,285.3212716772206,0,4.834025408171253,1.611341802723726,-84.73282442748092,-87.6923076923077
1752810660,268.9,272.4,261.7,267.4,NaN,NaN,NaN,285.6285501534231,0,0,283.081112717568,0,8.430244745104028,4.421423384425082,-86.21523579201939,-88.77952755905514
1752810720,266.45,271.1,264.3,265.55,NaN,NaN,NaN,285.6285501534231,0,0,280.889723627872,0,10.804252405636058,8.022840852970447,-90.68923821039898,-92.42125984251965
1752810780,266,269,263.85,265.9,NaN,NaN,NaN,285.3666630618454,0,0,279.016008174388,0,9.57593202082957,9.603476390523218,-89.84280532043535,-91.73228346456695
1752810840,266.45,266.45,259.2,262.7,NaN,NaN,NaN,282.04749675566086,0,0,276.9765071525895,0,7.378046204531763,9.252743543665796,-86.98884758364315,-93.43339587242026
1752810900,262.9,264,256.55,259.6,NaN,NaN,NaN,279.8102470800947,0,0,274.8044437585158,0,5.004038543999733,7.319338923120355,-84.07310704960828,-94.54870420017872
1752810960,259.55,259.85,251.35,252.1,NaN,NaN,NaN,275.7317223720853,0,0,271.9663882887013,0,1.398333520634928,4.593472756388809,-96.68141592920354,-98.77350776778414
1752811020,252.1,254.2,250.45,252.45,NaN,NaN,NaN,271.5685501348768,0,0,269.5268397526136,0,1.1621103026487056,2.5214941224277885,-90.8883826879271,-96.7767929089444
1752811080,252.35,257.2,251.9,255,NaN,NaN,NaN,271.5685501348768,0,0,267.7109847835369,0,16.441162380454493,6.333868734579376,-79.2710706150341,-92.35936188077244
1752811140,255.1,258.6,253.25,255.25,NaN,NaN,NaN,271.5685501348768,0,0,266.1533616855948,1,49.774495713787836,22.459256132297014,-78.132118451025,-91.9123841617523
1752811200,255.15,259.4,255.15,257.3,NaN,NaN,NaN,271.5685501348768,0,0,265.04669147489545,0,81.94571874447242,49.38712561290492,-66.82808716707017,-88.36023789294813
1752811260,257.95,260.55,256.85,259.65,NaN,NaN,NaN,271.5685501348768,0,0,264.37210504053354,0,99.99999999999996,77.24007148608673,-50.4043126684637,-83.84547848990344
1752811320,259.65,261.85,257.3,261,NaN,NaN,NaN,271.5685501348768,0,0,263.95059191046687,0,99.99999999999996,93.98190624815744,-34.06249999999993,-80.78324225865208
1752811380,261.25,263,259.45,260.45,NaN,NaN,NaN,271.5685501348768,0,0,263.5130179216585,0,99.09842544031852,99.69947514677283,-26.199261992619988,-81.23827392120074
1752811440,261,263.7,259,262,NaN,NaN,NaN,271.5685501348768,0,0,263.3238906814512,0,99.09842544031852,99.39895029354567,-12.830188679245197,-78.04182509505702
1752811500,261.4,261.4,256,259.25,NaN,NaN,NaN,271.5685501348768,0,0,262.8146543462698,0,94.76891146693958,97.65525411585888,-33.584905660377274,-83.2699619771863
1752811560,260.45,263.6,260.45,261.9,NaN,NaN,NaN,271.5685501348768,0,0,262.70032255298605,0,95.67048602662102,96.51260764462637,-15.254237288135712,-78.23193916349814
1752811620,260.3,263,260,262.3,NaN,NaN,NaN,271.5685501348768,1,0,262.6502822338628,0,95.67048602662102,95.36996117339386,-13.397129186602667,-77.4714828897338
1752811680,263,268.4,262.25,266.2,NaN,249.185,NaN,271.5685501348768,0,0,263.09399695463,0,99.99999999999996,97.11365735108068,-16.60377358490561,-70.05703422053233
1752811740,265.35,266.9,258.55,259.85,NaN,249.185,NaN,271.5685501348768,0,0,262.68849733530124,0,92.15253040810852,95.94100547824316,-68.95161290322557,-82.12927756653987
1752811800,261.1,262.05,253.5,254.15,NaN,249.185,NaN,271.5685501348768,0,0,261.6211851683886,0,78.64503980319654,90.26585673710167,-95.63758389261741,-92.96577946768059
1752811860,254.85,256,253.15,253.15,NaN,249.185,NaN,271.1388081017392,0,0,260.56228702234,0,61.18518254813939,77.32758425314815,-100.00000000000001,-94.86692015209123
1752811920,254.75,254.75,245.3,246.5,NaN,NaN,NaN,267.76742729156524,0,0,258.8045011445475,0,44.96067621756986,61.59696618963526,-94.80519480519484,-97.92207792207793
1752811980,245.25,245.85,238.65,239.7,NaN,NaN,NaN,260.57318456240876,0,0,256.41643850147904,0,25.134833489148505,43.76023075161925,-96.47058823529417,-97.78714436248687
1752812040,240.85,242.8,239,240,NaN,NaN,NaN,258.5308661061679,0,0,254.36438368879416,0,10.05313226051715,26.71621398907851,-95.4621848739496,-96.35627530364374
1752812100,239.3,241.15,235.45,237.85,NaN,NaN,NaN,255.8777794955511,0,0,252.3000857276949,0,0.7917748496447956,11.993246866436822,-92.7162367223065,-93.76623376623375
1752812160,238.3,241.8,237,241.55,NaN,NaN,NaN,255.8777794955511,0,0,250.95632501173304,0,10.404741757210997,7.08321628912432,-81.48710166919567,-83.49120433017585
1752812220,241,241.55,234,234,NaN,NaN,NaN,255.5740013913964,0,0,248.8367843852664,0,12.805227520552085,8.000581375802634,-100,-100
1752812280,233.2,236.4,231.35,234.45,NaN,NaN,NaN,251.40910125225673,0,0,247.03843633710812,0,17.089522793100183,13.433164023621096,-89.90228013029318,-92.44823386114496
1752812340,233.55,236.65,233.55,236.5,NaN,NaN,NaN,251.40910125225673,0,0,245.7211317949696,0,16.80872036262093,15.56782355875774,-79.1075050709939,-87.0440251572327
1752812400,236.15,237.85,235.45,235.75,NaN,NaN,NaN,251.40910125225673,0,0,244.4747403205984,1,22.217191238556506,18.705144798092547,-81.19658119658118,-88.31341301460822
1752812460,234.8,240.05,234.8,238.55,NaN,NaN,NaN,251.40910125225673,0,0,243.7341477805236,0,33.536505872991825,24.18747249138976,-50.344827586206776,-80.56680161943314
1752812520,238,241.35,237.5,241.35,NaN,NaN,NaN,251.40910125225673,1,0,243.43612930795817,0,57.51087029587766,37.75485580247534,-12.663755458515414,-73.00944669365721
1752812580,241,242.5,240.15,241.95,NaN,230.9232,NaN,251.40910125225673,0,0,243.2503631444634,0,82.2434721402895,57.763616103053,-4.932735426009068,-71.39001349527666
1752812640,241.75,241.75,238,238,NaN,231.70656,NaN,251.40910125225673,0,0,242.59406775140548,0,92.31899384780264,77.35777876132327,-40.35874439461881,-82.05128205128203
1752812700,239,241.75,238.45,240.9,NaN,232.405248,NaN,251.40910125225673,0,0,242.38230928247978,0,92.3457982811632,88.96942142308512,-14.349775784753305,-74.22402159244261
1752812760,240.4,241.6,238.9,239.75,NaN,233.3421984,NaN,251.40910125225673,0,0,242.0532706221698,0,90.09535474096312,91.58671562330966,-24.66367713004483,-77.32793522267204
1752812820,239,240.85,237.35,238.1,NaN,233.80375872,NaN,251.40910125225673,0,0,241.55911179439858,0,92.28002868311864,91.57372723508166,-49.16201117318448,-81.78137651821861
1752812880,238.35,239.3,236.5,237,NaN,234.425006976,NaN,250.50613144166235,0,0,240.98922282009875,0,84.6727282719636,89.01603723201514,-71.42857142857153,-84.75033738191631
1752812940,236.55,240.25,235.95,237.6,NaN,234.425006976,NaN,250.50613144166235,0,0,240.5655699675864,0,80.70602351223671,85.886260155773,-63.636363636363804,-83.13090418353575
1752813000,237.55,237.55,232,232.6,NaN,NaN,NaN,247.8269664677465,0,0,239.56987372163812,0,69.02616712348531,78.13497296922854,-94.28571428571433,-96.62618083670715
1752813060,232.6,232.9,224.1,224.55,NaN,NaN,NaN,242.88676982097184,0,0,237.69238950643336,0,44.74637957667182,64.82619007079795,-97.55434782608687,-98.98419864559816
1752813120,223.95,225.9,222.05,225.2,NaN,NaN,NaN,238.07809283887468,0,0,236.13084081812917,0,20.573560853096037,44.782035851084395,-84.01015228426407,-93.20388349514567
1752813180,225.05,229.05,225.05,228.2,NaN,NaN,NaN,238.07809283887468,0,0,235.13948571586303,0,20.61847349168651,28.646137973818128,-68.78172588832497,-86.73139158576056
1752813240,228.8,229.9,226.95,227.15,NaN,NaN,NaN,238.07809283887468,0,0,234.14080000138014,0,33.2729038138333,24.821646052871955,-73.91304347826087,-88.99676375404532
1752813300,226.1,228.75,224.8,228.5,NaN,NaN,NaN,238.07809283887468,0,0,233.43570000120764,0,50.501005675316776,34.7974609936122,-65.69148936170217,-86.08414239482202
1752813360,227.9,228.1,221.25,222.9,NaN,NaN,NaN,238.07809283887468,0,0,232.11873750105667,0,43.019985547839674,42.26463167899659,-91.31578947368419,-96.38554216867469
1752813420,222.35,228.5,222.1,227.1,NaN,NaN,NaN,238.07809283887468,0,0,231.4913953134246,0,55.04957798904389,49.523523070733454,-69.2105263157895,-85.66176470588238
1752813480,227.15,228,225.35,225.6,NaN,NaN,NaN,238.07809283887468,0,0,230.75497089924653,0,57.72069651267852,51.93008668318737,-73.31288343558288,-87.48201438848922
1752813540,225.75,227.3,224.8,224.9,NaN,NaN,NaN,238.07809283887468,0,0,230.0230995368407,0,72.24065367374091,61.670309391821114,-68.66952789699567,-89.10447761194028
1752813600,224.25,224.9,217,219.75,NaN,NaN,NaN,235.28057874172134,0,0,228.73896209473563,0,59.62809794258195,63.19648270966713,-78.68217054263567,-90.46793760831889
1752813660,220.55,223.1,219.7,223.1,NaN,NaN,NaN,235.28057874172134,1,0,228.03409183289367,0,67.74440831286822,66.53771997639701,-52.71317829457371,-76.35658914728685
1752813720,223.8,223.95,219,219,211.945,NaN,NaN,235.28057874172134,0,0,226.90483035378196,0,64.91032575617201,64.0942773372074,-84.49612403100775,-92.15686274509804
1752813780,218.35,222.4,218,222,211.945,NaN,NaN,234.12969190271485,0,0,226.2917265595592,0,84.72594668194846,72.46022691699623,-57.4468085106383,-80.3921568627451
1752813840,222.25,224.55,220.3,220.3,211.945,NaN,NaN,234.12969190271485,0,0,225.54276073961432,0,82.66167918400144,77.4326505407073,-71.30434782608685,-87.05882352941173
1752813900,220.45,220.45,212.8,212.8,211.945,NaN,NaN,231.35055044119903,0,0,223.94991564716253,0,71.80196138590834,79.72986241728609,-100,-100.00000000000001
1752813960,212.05,212.45,203.95,205.15,NaN,NaN,NaN,224.10799539707912,0,0,221.5999261912672,0,38.46862805257501,64.31075620749493,-95.01039501039494,-96.88715953307388
1752814020,203.25,205.95,197.15,198,NaN,NaN,NaN,218.50719585737124,0,0,218.6499354173588,0,9.573998485287092,39.94819597459014,-97.18076285240465,-98.12568908489527
1752814080,198,199,191.6,195,NaN,NaN,NaN,212.78147627163412,0,0,215.69369349018893,0,0,16.01420884595403,-89.78978978978978,-93.32023575638506
1752814140,195.35,197.35,187.85,190.95,NaN,NaN,NaN,211.1833286444707,0,0,212.60073180391532,0,0,3.1913328284290308,-91.5531335149864,-94.32753888380604
1752814200,191.2,191.2,182.6,184.4,NaN,NaN,NaN,206.2049957800236,0,0,209.07564032842592,0,0,0,-95.70917759237184,-96.99499165275456
1752814260,183.8,189.85,182.1,188.4,NaN,NaN,NaN,205.67449620202126,0,0,206.49118528737267,0,9.811716790479478,3.2705722634931593,-85.1590106007067,-89.43839061190275
1752814320,188.75,190.55,187.1,188.1,NaN,NaN,NaN,205.67449620202126,0,0,204.19228712645108,0,19.41035006252494,9.740688951001474,-85.86572438162545,-89.94132439228835
1752814380,186.75,191.8,186.15,191.8,NaN,NaN,NaN,205.67449620202126,0,0,202.6432512356447,1,38.03581366980521,22.41929350760321,-74.70664928292042,-83.69747899159661
1752814440,192.35,192.4,189.85,192.4,NaN,NaN,NaN,205.67449620202126,0,0,201.3628448311891,0,48.29491076937086,35.24702483390033,-66.06260296540357,-82.46808510638296
1752814500,192.3,194.1,190.2,192.15,NaN,NaN,NaN,205.67449620202126,0,0,200.21123922729046,0,58.50828459639977,48.27966967852527,-57.86163522012573,-82.71711092003437
1752814560,191.95,193.2,189.45,190.6,NaN,NaN,NaN,205.67449620202126,0,0,199.00983432387915,0,58.03736795953162,54.946854441767414,-49.704142011834335,-85.38263112639726
1752814620,191.25,191.7,187.85,190.45,NaN,NaN,NaN,205.64025161109836,0,0,197.93985503339425,0,57.445259290328444,57.99697061541995,-45.2459016393443,-84.94138863841299
1752814680,189.8,189.8,186.5,188.1,NaN,NaN,NaN,203.61372644998855,0,0,196.70987315421996,0,61.87248464793284,59.11837063259764,-50,-88.18897637795276
1752814740,188.2,190.1,186.95,186.95,NaN,NaN,NaN,203.38735380498966,0,0,195.48988900994246,0,67.1311300124751,62.149624650245464,-59.58333333333338,-89.85355648535567
1752814800,186.75,186.75,175.2,176.4,NaN,NaN,NaN,197.8761184244907,0,0,193.10365288369965,0,55.53843281294815,61.51401582445203,-93.65079365079356,-97.80621572212063
1752814860,179.55,186,179.55,184.05,NaN,NaN,NaN,197.8761184244907,0,0,191.9719462732372,0,64.63253368960271,62.43403217167531,-53.17460317460307,-83.8208409506398
1752814920,184.2,185.8,180.6,181.6,NaN,NaN,NaN,197.8761184244907,0,0,190.67545298908254,0,71.0905073093586,63.75382460396981,-66.13756613756611,-88.04855275443511
1752814980,182.25,182.25,179.6,180.5,NaN,NaN,NaN,197.77771533145375,0,0,189.40352136544723,0,91.52194303023772,75.74832800973302,-71.9576719576719,-90.05628517823638
1752815040,179.65,180,174,176.6,NaN,NaN,NaN,194.11744379830836,0,0,187.80308119476632,0,78.70915388482747,80.44053474147461,-86.45833333333336,-95.22935779816515
1752815100,176.2,181.2,176.1,181.2,NaN,NaN,NaN,194.11744379830836,0,0,186.97769604542054,0,82.17132126345055,84.13413939283858,-59.32203389830512,-86.66666666666669
1752815160,179.8,187.15,179.75,186.4,NaN,NaN,NaN,194.11744379830836,1,0,186.905484039743,0,87.18721085458975,82.6892286676226,-22.981366459627267,-76.73545966228892
1752815220,185.3,186.75,184.2,186.2,174,NaN,NaN,194.11744379830836,0,0,186.81729853477512,0,99.72830008840327,89.69561073548118,-24.223602484472092,-76.03143418467586
1752815280,185.7,186.8,182.95,182.95,174,NaN,NaN,194.11744379830836,0,0,186.33388621792824,0,95.04997199374581,93.98849431224629,-31.939163498098974,-82.29475766567757
1752815340,184.2,184.2,181.5,181.6,174,NaN,NaN,194.11744379830836,0,0,185.7421504406872,0,88.59205349800015,94.45677519338308,-42.20532319391642,-84.96538081107816
1752815400,181.5,183.4,177.95,178.6,174,NaN,NaN,194.11744379830836,0,0,184.8493816356013,0,78.55211055526898,87.39804534900499,-65.01901140684417,-90.90009891196836
1752815460,178.1,179.35,175.1,177.8,174,NaN,NaN,192.28272433465511,0,0,183.96820893115114,0,71.9058519732818,79.68333867551699,-71.1026615969581,-92.48269040553905
1752815520,177.4,180.9,176.05,176.1,174,NaN,NaN,192.28272433465511,0,0,182.98468281475724,0,64.85922156248363,71.77239469701146,-84.03041825095062,-95.47900968783638
1752815580,176.2,181.65,176,181.6,174,NaN,NaN,192.28272433465511,0,0,182.81159746291257,0,75.13562945947439,70.63356766507992,-46.0580912863071,-80.23407022106633
1752815640,181.5,182.25,177.9,177.9,174,NaN,NaN,192.28272433465511,0,0,182.1976477800485,0,78.12742112654146,72.70742404949982,-76.76348547717835,-87.79342723004692
1752815700,177.2,178,175.6,177.75,174,NaN,NaN,191.00751793596723,0,0,181.64169180754243,0,82.96924357473532,78.74409805358373,-77.35042735042734,-85
1752815760,179.1,179.6,175.65,178.75,174,NaN,NaN,191.00751793596723,0,0,181.28023033159963,0,78.23934410608274,79.77866960245316,-68.8034188034188,-79.65738758029978
1752815820,178.45,181.8,178.45,181.8,174,NaN,NaN,191.00751793596723,0,0,181.34520154014967,0,86.57213911566032,82.59357559882612,-26.37362637362614,-61.1940298507462
1752815880,181.6,185.05,181.6,184.4,174,NaN,NaN,191.00751793596723,0,0,181.72705134763098,0,95.23486557401027,86.68211626525108,-6.53266331658296,-48.258706467661646
1752815940,184.45,185,177.9,179.45,174,NaN,NaN,191.00751793596723,0,0,181.4424199291771,0,87.55556432939915,89.78752300635658,-56.28140703517601,-72.88557213930352
1752816000,180.5,183.1,180.5,182.4,174,NaN,NaN,191.00751793596723,0,0,181.56211743802996,0,84.29672380614993,89.02905123651976,-28.04232804232805,-58.20895522388056
1752816060,182.75,183.85,179.85,179.85,174,NaN,NaN,191.00751793596723,0,0,181.3481027582762,0,74.76536027676856,82.20588280410585,-55.02645502645511,-70.89552238805972
1752816120,180.2,185.2,180.2,185.2,174,NaN,NaN,191.00751793596723,0,0,181.82958991349167,0,87.20979594736941,82.09062667676261,0,-44.27860696517417
1752816180,185,185.15,183.1,183.75,174,NaN,NaN,191.00751793596723,0,0,182.06964117430522,0,87.2291172234095,83.06809114918248,-15.104166666666558,-49.21874999999997
1752816240,183.6,184.5,181.8,183.25,174,NaN,NaN,191.00751793596723,0,0,182.21718602751707,0,92.37452193157814,88.93781170078567,-20.418848167539185,-47.74011299435025
1752816300,183.9,186.25,182.35,183.95,174,NaN,NaN,191.00751793596723,0,0,182.43378777407744,0,89.83403440307075,89.81255785268611,-27.544910179640873,-38.1987577639752
1752816360,183.4,184,179.55,181,174,NaN,NaN,191.00751793596723,0,0,182.25456430231776,0,79.58104089209635,87.26319907558172,-62.87425149700603,-56.52173913043477
1752816420,181.15,184.35,180.9,182.75,174,NaN,NaN,191.00751793596723,0,0,182.31649376452805,0,77.36564471614854,82.26024000377187,-41.91616766467069,-33.4600760456274
1752816480,183,183,175.8,175.8,174,NaN,NaN,191.00751793596723,0,0,181.50193204396203,0,52.33427697290136,69.76032086038207,-100,-86.31178707224328
1752816540,175.65,177,168,170.25,NaN,NaN,NaN,187.1475155623541,0,0,180.0954405384668,0,32.49345639775153,54.06445936226712,-87.67123287671232,-88.25065274151436
1752816600,170.6,175.55,169,173,NaN,NaN,NaN,187.1475155623541,0,0,179.20851047115843,0,14.702913966134687,33.17688244559585,-72.6027397260274,-73.89033942558747
1752816660,173.5,174.8,169.15,171.5,NaN,NaN,NaN,187.1475155623541,0,0,178.24494666226363,0,14.916240496905148,20.70420362026378,-80.82191780821918,-81.72323759791122
1752816720,171.8,179,171,179,NaN,NaN,NaN,187.1475155623541,0,0,178.33932832948068,1,42.74455029782143,24.121234920287083,-39.726027397260275,-42.55874673629245
1752816780,178.65,183,178.65,182.45,NaN,NaN,NaN,187.1475155623541,1,0,178.8531622882956,0,67.1364477265988,41.599079507108456,-20.82191780821924,-24.543080939947863
1752816840,182.05,185,181.3,184.2,NaN,175.08953105000052,NaN,187.1475155623541,0,0,179.52151700225866,0,94.4949764675829,68.12532483066771,-4.705882352941243,-13.829787234042666
1752816900,184.4,185.8,182.8,184.75,NaN,176.3816248400004,NaN,187.1475155623541,0,0,180.17507737697633,0,99.99999999999996,87.21047473139389,-5.898876404494442,-10.90425531914899
1752816960,184.6,186.7,183.7,185.75,NaN,177.97529987200033,NaN,187.1475155623541,0,0,180.8719427048543,0,99.99999999999996,98.16499215586093,-5.080213903743258,-5.080213903743258
1752817020,185.5,188.6,185.35,187,NaN,179.61023989760025,NaN,187.1475155623541,0,0,181.6379498667475,0,99.99999999999996,99.99999999999996,-7.76699029126211,-7.76699029126211
1752817080,186.9,186.9,183.85,186.45,NaN,179.9541919180802,NaN,187.1475155623541,0,0,182.23945613340408,0,98.70895522646289,99.56965174215428,-10.969387755102073,-10.436893203883526
1752817140,186,188,185.4,186.95,NaN,180.42735353446417,NaN,187.1475155623541,0,0,182.82827411672855,0,98.39940056854812,99.03611859833698,-8.48329048843191,-8.009708737864107
1752817200,186.5,186.5,182.6,185.2,NaN,180.42735353446417,NaN,187.1475155623541,0,0,183.12473985213748,0,93.65708381800687,96.92181320433929,-19.318181818181856,-16.504854368932072
1752817260,185.5,186.6,183.3,183.3,NaN,180.42735353446417,NaN,187.1475155623541,0,0,183.1466473706203,0,85.5769080446401,92.54446414373167,-53.26633165829135,-25.72815533980575
1752817320,183.35,188.1,182.6,188.05,NaN,180.75216500964567,173.93807697554288,NaN,0,0,183.75956644929275,0,85.88646270255488,88.37348485506728,-7.53424657534225,-2.669902912621277
1752817380,188.2,188.2,185.4,185.95,NaN,181.20373200771655,174.3486573036537,NaN,0,0,184.03337064313115,0,84.86726371016464,85.44354481911985,-44.166666666666764,-12.864077669902944
1752817440,185.8,186.45,183.3,186.45,NaN,181.43898560617325,174.3486573036537,NaN,0,0,184.33544931273974,0,89.66727716213302,86.80700119161752,-35.83333333333343,-10.436893203883526
1752817500,185.35,189,185.35,188.25,NaN,181.6471884849386,175.14391241595953,NaN,0,0,184.82476814864728,0,89.0890625112138,87.87453446117047,-11.71874999999999,-3.5714285714285716
1752817560,188,188.4,186.1,187.6,NaN,182.13975078795087,175.73202117436355,NaN,0,0,185.17167213006638,0,88.04725623159844,88.93453196831507,-21.87500000000007,-6.666666666666694
1752817620,187.4,188.8,185.5,186.1,NaN,182.1738006303607,175.7938190569272,NaN,0,0,185.28771311380808,0,71.99828204510176,83.04486692930466,-45.31250000000005,-13.809523809523837
1752817680,185.5,186.55,184.1,185.9,NaN,182.50704050428854,175.7938190569272,NaN,0,0,185.36424897458207,0,50.08485418225323,70.04346415298447,-48.437499999999865,-14.761904761904734
1752817740,185.75,189.5,184,187,NaN,182.50704050428854,175.7938190569272,NaN,0,0,185.5687178527593,0,44.001937762135924,55.3616913298303,-36.23188405797099,-11.627906976744185
1752817800,186.6,186.6,184.4,185.95,NaN,182.50704050428854,175.7938190569272,NaN,0,0,185.6163781211644,0,40.92988098357173,45.00555764265362,-51.449275362318964,-16.5116279069768
1752817860,187.8,189.15,186.65,188.2,NaN,182.50704050428854,176.91489468324994,NaN,0,0,185.93933085601884,0,59.86100541247583,48.264274719394486,-20.967741935484092,-6.046511627907029
1752817920,187.8,189,185.4,188.4,NaN,182.50704050428854,176.91489468324994,NaN,0,0,186.2469144990165,0,70.93711074716687,57.2426657144048,-17.741935483870908,-5.116279069767415
1752817980,188.65,189.35,186.3,187.15,NaN,182.50704050428854,177.04006469343244,NaN,0,0,186.35980018663943,0,78.40568518659533,69.73460044874601,-42.72727272727263,-10.930232558139508
1752818040,187,190.55,187,189.7,NaN,183.5866616259562,178.0035582240892,NaN,0,0,186.7773251633095,0,81.96620327145898,77.10299973507371,-12.977099236641546,-3.7694013303770393
1752818100,190.2,190.6,187.55,189.2,NaN,183.71132930076496,178.46570240168026,NaN,0,0,187.08015951789582,0,77.21017153827694,79.19401999877708,-21.212121212121318,-6.194690265486752
1752818160,189,191.55,189,191.05,NaN,185.341063440612,179.96163216151226,NaN,0,0,187.57638957815885,0,93.43383515884481,84.20340332286024,-6.622516556291381,-2.1231422505307846
1752818220,190.75,193.95,190.75,193.4,NaN,187.6808507524896,182.10796894536102,NaN,0,0,188.304340880889,0,93.43383515884481,88.02594728532218,-5.527638190954609,-2.204408817635203
1752818280,194.55,194.55,191.25,192.1,NaN,187.6808507524896,182.69217205082492,NaN,0,0,188.77879827077786,0,90.46663097226396,92.44476709665118,-24.137931034482914,-9.645669291338647
1752818340,192.1,192.6,188.9,189,NaN,187.6808507524896,182.69217205082492,NaN,0,0,188.80644848693063,0,60.56925555842193,81.48990722984355,-60.65573770491812,-23.566878980891758
1752818400,189,190.35,187.05,190.35,NaN,NaN,182.69217205082492,NaN,0,0,188.9993924260643,0,37.6125676382595,62.88281805631511,-45.901639344262456,-26.41509433962274
1752818460,190.5,192.2,188.95,190.7,NaN,NaN,182.69217205082492,NaN,0,0,189.21196837280627,0,25.995887249764326,41.39257014881524,-46.66666666666694,-29.056603773585078
1752818520,189.4,192.65,188.5,188.5,NaN,NaN,182.69217205082492,NaN,0,0,189.12297232620548,0,22.559929330273025,28.722794739432263,-80.13245033112585,-50.62761506276153
1752818580,188.75,189.3,185.55,185.55,NaN,NaN,182.69217205082492,NaN,0,0,188.6763507854298,0,12.183283917102125,20.24636683237981,-100,-75.31380753138065
1752818640,185.95,186.65,180.55,180.55,NaN,NaN,NaN,194.89156619313758,0,0,187.66055693725107,0,2.3684757858670005e-15,11.581071082458385,-100,-100
1752818700,181.3,183,178.2,179,NaN,NaN,NaN,192.2024095738238,0,0,186.57798732009468,0,0,4.061094639034042,-95.10703363914367,-95.10703363914367
1752818760,178.45,179.6,177.2,179,NaN,NaN,NaN,189.5621686164414,0,0,185.63073890508284,0,0,5.921189464667501e-16,-89.6253602305475,-89.6253602305475
1752818820,179.6,182,179.6,182,NaN,NaN,NaN,189.5621686164414,0,0,185.17689654194749,0,8.249784888060544,2.7499282960201814,-68.93203883495141,-72.33429394812677
1752818880,181.55,182,178.7,180.1,NaN,NaN,NaN,189.5621686164414,0,0,184.54228447420405,0,13.053689341190188,7.101158076416911,-81.22977346278316,-83.28530259365994
1752818940,180.55,181.2,178.85,178.85,NaN,NaN,NaN,189.5621686164414,0,0,183.83074891492853,0,15.69392580365377,12.332466677634834,-89.32038834951454,-90.48991354466857
1752819000,179,180.4,178.55,178.55,NaN,NaN,NaN,189.44599882924723,0,0,183.17065530056246,0,9.557953938301823,12.768523027715261,-91.26213592232996,-92.21902017291055
1752819060,179,180.35,178.05,178.05,NaN,NaN,NaN,188.86389894632248,0,0,182.53057338799215,0,6.117330658394572,10.456403466783387,-92.97520661157007,-95.100864553314
1752819120,177.6,180.6,177,180.5,NaN,NaN,NaN,188.57750905169024,0,0,182.27675171449312,0,15.191092689852312,10.288792428849568,-63.73056994818655,-80.05698005698007
1752819180,180.9,180.9,175.2,175.35,NaN,NaN,NaN,188.55975814652123,0,0,181.41090775018148,0,13.077279667143713,11.4619010051302,-98.07692307692301,-99.22480620155036
1752819240,175.15,175.15,168.75,169.3,NaN,NaN,NaN,183.3887823318691,0,0,179.8970442814088,0,11.713998493921322,13.32745695030578,-95.8490566037735,-97.86821705426352
1752819300,169.1,175,169.1,173.75,NaN,NaN,NaN,183.3887823318691,0,0,179.1286637462327,0,13.524652320888103,12.77197682731771,-62.264150943396224,-80.62015503875969
1752819360,173.45,177.5,173.45,176.65,NaN,NaN,NaN,183.3887823318691,1,0,178.8188307779536,1,41.9387441013114,22.392464972040273,-40.377358490565996,-69.3798449612403
1752819420,177.15,177.15,175.9,176.5,167.8175,NaN,NaN,183.3887823318691,0,0,178.5289769307094,0,74.81638522788971,43.42659388336307,-37.7510040160642,-69.96124031007753
1752819480,176.4,177.6,175.3,175.75,167.8175,NaN,NaN,183.3887823318691,0,0,178.18160481437073,0,91.78686440663758,69.51399791194622,-42.38683127572019,-72.86821705426358
1752819540,175.9,179.65,174.8,179.6,NaN,173.86123229966063,NaN,183.3887823318691,0,0,178.35890421257437,0,96.70610595954763,87.76978519802496,-10.699588477366344,-57.945736434108575
1752819600,179.5,182.25,179.5,181.85,NaN,176.26898583972851,NaN,183.3887823318691,0,0,178.79529118600257,0,97.16179816630263,95.21825617749595,-2.962962962963005,-49.224806201550436
1752819660,181.8,182.7,180,181,NaN,176.41318867178282,NaN,183.3887823318691,0,0,179.07087978775226,0,97.99218456351218,97.28669622978748,-12.18637992831534,-52.519379844961264
1752819720,180.85,185.3,180.85,185.3,NaN,179.34855093742627,172.191605205803,NaN,0,0,179.84951981428324,0,97.99218456351218,97.71538909777566,0,-35.85271317829456
1752819780,185.05,186.7,184.55,185.4,NaN,179.864840749941,175.18494468522272,NaN,0,0,180.54332983749782,0,97.99218456351218,97.99218456351218,-7.386363636363542,-35.465116279069775
1752819840,184.55,185,183.35,184.3,NaN,180.2338725999528,175.18494468522272,NaN,0,0,181.0129136078106,0,97.55218907378055,97.84551940026832,-18.11320754716964,-39.72868217054262
1752819900,185.05,185.1,183.85,184.7,NaN,180.81709807996225,175.18494468522272,NaN,0,0,181.47379940683427,0,95.8429165486977,97.12909672866347,-16.806722689075663,-38.178294573643484
1752819960,183.9,184.55,181.3,181.3,NaN,180.81709807996225,175.18494468522272,NaN,0,0,181.45207448098,0,86.68883991257945,93.36131517835257,-45.3781512605041,-47.489539748953945
1752820020,181.4,181.9,180,180.8,NaN,NaN,175.18494468522272,NaN,0,0,181.3705651708575,0,78.9594008444045,87.16371910189389,-49.57983193277301,-49.581589958158965
1752820080,180.2,180.9,178.4,178.6,NaN,NaN,175.18494468522272,NaN,0,0,181.02424452450032,0,59.16515009905712,74.9377969520137,-97.59036144578326,-58.78661087866112
1752820140,179,182.4,178.95,180.85,NaN,NaN,175.18494468522272,NaN,0,0,181.00246395893777,0,50.74501964837929,62.95652353061363,-70.48192771084345,-49.37238493723853
1752820200,180.7,182.5,179.2,179.2,NaN,NaN,175.18494468522272,NaN,0,0,180.77715596407054,0,37.155359245902964,49.02184299777978,-90.36144578313271,-49.14841849148427
1752820260,178.45,179.25,176,179,NaN,NaN,175.18494468522272,NaN,0,0,180.55501146856173,0,34.13745327438386,40.67927738955537,-71.96261682242988,-42.896935933147596
1752820320,178.7,178.75,175.95,176.5,NaN,NaN,175.18494468522272,NaN,0,0,180.0481350349915,0,18.37832702784661,29.89037984937781,-93.98907103825124,-56.824512534818915
1752820380,176.9,177.65,175,176.1,NaN,NaN,175.18494468522272,NaN,0,0,179.55461815561756,0,8.811904091384003,20.44256146453815,-89.10891089108915,-59.05292479108636
1752820440,176.25,177.35,175.55,176.5,NaN,NaN,175.18494468522272,NaN,0,0,179.17279088616536,0,2.014563101690364,9.734931406973653,-84.2931937172775,-56.824512534818915
1752820500,177.25,179.65,176.8,176.8,NaN,NaN,175.18494468522272,NaN,0,0,178.8761920253947,0,5.607388493975247,5.477951895683205,-75.99999999999984,-55.15320334261829
1752820560,177.25,179,176.9,177.75,NaN,NaN,175.18494468522272,NaN,0,0,178.73541802222036,0,14.277802192644506,7.299917929436706,-63.333333333333336,-49.860724233983255
1752820620,177.6,178.85,176.2,176.5,NaN,NaN,175.18494468522272,NaN,0,0,178.45599076944282,0,15.939186146038935,11.941458944219562,-80,-56.824512534818915
1752820680,176.4,179.35,176.4,178.95,NaN,NaN,175.18494468522272,NaN,0,0,178.51774192326246,1,30.047160649847076,20.088049662843506,-47.333333333333485,-43.175487465181085
1752820740,178.85,178.85,176.3,176.55,NaN,NaN,175.18494468522272,NaN,0,0,178.27177418285464,1,32.743306829379975,26.24321787508866,-66.66666666666646,-56.545961002785425
1752820800,176.9,179.35,176.5,176.55,NaN,NaN,175.18494468522272,NaN,0,0,178.0565524099978,1,40.83190112487102,34.54078953469935,-66.66666666666646,-56.545961002785425
1752820860,177.1,177.1,175.85,175.95,NaN,NaN,175.18494468522272,NaN,0,0,177.79323335874807,1,29.718621395432752,34.431276449894575,-79.56989247311854,-59.88857938718667
1752820920,175.9,176.3,174.6,174.85,NaN,NaN,NaN,183.20035655758718,0,0,177.42532918890456,0,18.35206151723059,29.63419467917812,-95.04950495049506,-67.32954545454545
1752820980,174.9,175.3,171.65,172.7,NaN,NaN,NaN,181.5453209018285,0,0,176.83466304029147,0,6.5875201666547625,18.219401026439368,-86.87500000000021,-93.0232558139536
1752821040,173.45,174.55,172.7,173.4,NaN,NaN,NaN,181.44328881164563,0,0,176.40533016025503,0,5.810698404438297,10.25009336277455,-77.27272727272724,-88.37209302325579
1752821100,173.85,174.85,172.8,174.85,NaN,NaN,NaN,181.44328881164563,1,0,176.21091389022314,1,23.229951936398475,11.87605683583051,-58.44155844155853,-78.73754152823926
1752821160,175.25,176.35,173,173,166.1075,NaN,NaN,181.44328881164563,0,0,175.80954965394525,0,30.617229897517486,19.88596007945142,-82.46753246753252,-91.02990033222594
1752821220,173,173.95,170.65,171.15,166.1075,NaN,NaN,180.39218254368967,0,0,175.2271059472021,0,24.80653149307919,26.217904442331715,-94.25287356321839,-96.8847352024922
1752821280,171.5,171.5,164.25,165.45,NaN,NaN,NaN,177.3329642893207,0,0,174.00496770380184,0,7.387277961119016,20.937013117238564,-92.0529801324504,-94.65478841870829
1752821340,165.8,169.65,165.8,169.55,NaN,NaN,NaN,177.3329642893207,0,0,173.4480967408266,0,16.894299705777318,16.362703053325173,-58.75486381322946,-76.391982182628
1752821400,169.35,171,168.7,170.95,NaN,NaN,NaN,177.3329642893207,0,0,173.13583464822327,1,38.79675862419567,21.026112097030666,-44.628099173553785,-70.15590200445438
1752821460,170.4,174,170.4,172.25,NaN,NaN,NaN,177.3329642893207,0,0,173.02510531719537,0,65.21116788620458,40.30074207205919,-33.88429752066113,-61.63069544364508
1752821520,172.5,176.45,172,176.45,NaN,NaN,NaN,177.3329642893207,0,0,173.45321715254596,0,81.65020151376059,61.88604267472027,0,-41.48681055155879
1752821580,176.2,176.2,173.45,173.8,NaN,NaN,NaN,177.3329642893207,0,0,173.49656500847772,0,86.76032634993014,77.87389858329844,-21.72131147540967,-52.95566502463051
1752821640,173.8,175,173.35,174.45,NaN,NaN,NaN,177.3329642893207,0,0,173.615744382418,0,88.97988917724079,85.79680568031051,-16.393442622950836,-44.10958904109595
1752821700,174.35,176,173.65,175.75,NaN,NaN,NaN,177.3329642893207,0,0,173.88252633461576,0,87.52709195111129,87.7557691594274,-5.737704918032699,-36.986301369863014
1752821760,175.75,177.95,175.25,177.85,NaN,NaN,167.54413541609648,NaN,0,0,174.3784605427888,0,93.84784152985675,90.11827421940295,-0.7299270072992292,-25.479452054794553
1752821820,178.15,178.9,177.25,178.8,NaN,NaN,169.42972187448683,NaN,0,0,174.93115297494018,0,98.54720277387052,93.30737875161286,-0.7633587786259112,-20.273972602739665
1752821880,178.8,179.2,176.1,176.7,NaN,NaN,169.42972187448683,NaN,0,0,175.15225885307265,0,94.8943766328738,95.76314031220035,-23.80952380952381,-19.15584415584426
1752821940,176.8,178.3,176.55,177.35,NaN,NaN,169.42972187448683,NaN,0,0,175.42697649643856,0,91.18112982010803,94.87423640895078,-21.02272727272725,-14.935064935065004
1752822000,177.35,179.1,177.35,178.3,NaN,NaN,170.1717922465009,NaN,0,0,175.78610443438373,0,89.51971268946203,91.86507304748129,-12.499999999999703,-8.766233766233727
1752822060,178.95,179.25,176.6,177.6,NaN,NaN,170.1717922465009,NaN,0,0,176.01284138008577,0,91.08340854338064,90.59475035098357,-27.966101694915324,-13.31168831168838
1752822120,177.15,178.55,175.85,178.3,NaN,NaN,170.1717922465009,NaN,0,0,176.29873620757505,0,91.78608774875268,90.79640299386512,-16.10169491525403,-8.766233766233727
1752822180,178.25,178.25,176.55,177,NaN,NaN,170.1717922465009,NaN,0,0,176.38639418162816,0,82.75422089840227,88.54123906351187,-40.178571428571466,-15.562913907284736
1752822240,176.6,176.6,174.05,174.6,NaN,NaN,170.1717922465009,NaN,0,0,176.16309490892465,0,58.55169949714418,77.69733604809971,-89.42307692307723,-31.456953642384118
1752822300,174.7,175.25,173.2,173.2,NaN,NaN,170.1717922465009,NaN,0,0,175.79270804530907,0,28.22893377120461,56.51161805558369,-100,-40.7284768211921
1752822360,173.55,173.55,170.35,172.45,NaN,NaN,170.1717922465009,NaN,0,0,175.37486953964543,0,5.588884418867688,30.78983922907217,-76.40449438202255,-45.695364238410654
1752822420,173.2,173.2,170,170.75,NaN,NaN,170.1717922465009,NaN,0,0,174.79676084718974,0,3.434289889507151e-14,11.272606063357456,-91.89189189189189,-56.95364238410595
1752822480,170.85,172.45,170.8,171.85,NaN,NaN,170.1717922465009,NaN,0,0,174.42841574129102,0,5.8088336756902486,3.799239364852657,-80.00000000000006,-49.33333333333337
1752822540,172.05,182.4,172.05,179.75,NaN,NaN,170.1717922465009,NaN,0,0,175.09361377362964,1,39.14216700902358,14.983666894904621,-21.37096774193552,-14.600550964187354
1752822600,179.9,179.95,178.1,178.35,NaN,NaN,170.1717922465009,NaN,0,1,175.50066205192593,0,67.3734853145112,37.44149533307501,-32.66129032258072,-22.314049586776914
1752822660,178.65,183.7,178,183.7,NaN,NaN,170.41401746171834,NaN,0,0,176.5255792954352,0,94.89798497215433,67.13787909856303,0,0
1752822720,183,183.3,178.1,178.1,NaN,NaN,170.41401746171834,NaN,0,0,176.7223818835058,0,80.69818175660798,80.9898840144245,-40.87591240875911,-28.791773778920295
1752822780,178.2,181.2,178.2,178.75,NaN,NaN,170.41401746171834,NaN,0,0,176.97583414806758,0,72.898913059397,82.83169326271977,-36.131386861313814,-25.449871465295587
1752822840,178.85,178.85,172.65,172.65,NaN,NaN,170.41401746171834,NaN,0,0,176.43510487955913,0,47.574701617978114,67.05726547799436,-80.65693430656928,-56.81233933161948
1752822900,173.75,175.7,171,175.7,NaN,NaN,170.41401746171834,NaN,0,0,176.34321676961423,0,42.76014016255122,54.41125161330877,-58.394160583941655,-41.131105398457606
1752822960,175.3,176,174.4,175.95,NaN,NaN,170.41401746171834,NaN,0,0,176.29406467341244,0,37.153822460224006,42.496221413584436,-60.077519379845064,-43.296089385474914
1752823020,175.75,175.75,173.8,174.25,NaN,NaN,170.41401746171834,NaN,0,0,176.0385565892359,0,40.52121700469774,40.145059875824316,-74.40944881889762,-62.99999999999992
1752823080,174.55,174.55,171.8,173.25,NaN,NaN,170.41401746171834,NaN,0,0,175.6899870155814,0,35.56952472696363,37.748188063961784,-82.28346456692911,-76.2773722627737
1752823140,173.85,178.65,173.45,178.2,NaN,NaN,170.41401746171834,NaN,0,0,176.00373863863373,0,40.69779310935653,38.929511613672624,-43.307086614173265,-40.14598540145989
1752823200,177.55,178.3,172,172,NaN,NaN,170.41401746171834,NaN,0,0,175.50327130880453,0,37.50256546582444,37.923294434048195,-91.869918699187,-85.40145985401459
1752823260,172.05,174.75,172.05,173.5,NaN,NaN,170.41401746171834,NaN,0,0,175.25286239520398,0,36.09743335161648,38.09926397559914,-75.49019607843134,-74.45255474452553
1752823320,173.65,173.65,171.8,172.2,NaN,NaN,170.41401746171834,NaN,0,0,174.87125459580346,0,17.306505292042683,30.302168036494532,-84.71337579617848,-83.94160583941613
1752823380,172.1,174.4,172.1,173.35,NaN,NaN,170.41401746171834,NaN,0,0,174.68109777132804,0,13.573874413841624,22.325937685833594,-69.28104575163408,-75.54744525547449
1752823440,173.65,173.95,171.35,172,NaN,NaN,170.41401746171834,NaN,0,0,174.34596054991204,0,6.624587445492009,12.501655717125438,-91.09589041095884,-85.40145985401459
1752823500,172.5,173.8,172.5,172.8,NaN,NaN,170.41401746171834,NaN,0,0,174.15271548117303,0,12.587908904695373,10.928790254676336,-80.13698630136966,-79.56204379562034
1752823560,172.6,177.6,172.6,177.55,NaN,NaN,170.41401746171834,NaN,0,0,174.57737604602642,1,41.472584323373646,20.228360224520344,-15.06849315068483,-44.89051094890498
1752823620,176.85,180,176.85,180,NaN,NaN,170.41401746171834,NaN,0,1,175.2552040402731,0,73.79306035463857,42.61785119423586,0,-27.00729927007293
1752823680,179.65,182,179.1,181.05,NaN,NaN,170.51813592226208,NaN,0,0,175.97955353523895,0,100,71.75521489267074,-8.920187793427118,-19.343065693430507
1752823740,181.2,182.2,179.95,181,NaN,NaN,171.37132233003584,NaN,0,0,176.6071093433341,0,99.76932235756188,91.18746090406682,-11.059907834101283,-19.708029197080226
1752823800,180.7,189.85,180.7,189.7,NaN,NaN,173.79669009703224,NaN,0,0,178.24372067541734,0,99.76932235756188,99.84621490504124,-0.8108108108108415,-0.7556675062972581
1752823860,190.8,194.85,187.5,192,NaN,NaN,178.63952108732906,NaN,0,0,179.96325559099017,0,99.76932235756188,99.76932235756188,-12.12765957446806,-11.468812877263561
1752823920,192.25,192.25,181.1,181.7,NaN,NaN,178.63952108732906,NaN,0,0,180.1803486421164,0,78.67539068965668,92.73801180159349,-55.95744680851066,-52.91750503018112
1752823980,181.45,184.8,181.45,182.7,NaN,NaN,178.63952108732906,NaN,0,0,180.49530506185184,0,58.775800831311926,79.07350462617683,-54.362416107382586,-48.89336016096583
1752824040,183,186.25,182.75,184,NaN,NaN,178.63952108732906,NaN,0,0,180.93339192912035,0,40.447217895286165,59.299469805418255,-48.7640449438202,-43.661971830985905
1752824100,184.2,185.55,181.25,181.25,NaN,NaN,178.63952108732906,NaN,0,0,180.97296793798031,0,38.32120128184064,45.84807333614625,-75.55555555555553,-56.54885654885657
1752824160,180.7,180.7,176.9,178.95,NaN,NaN,178.63952108732906,NaN,0,0,180.72009694573276,0,30.719723216204773,36.49604746444386,-88.5793871866296,-66.6666666666667
1752824220,178.95,181.8,177.55,177.6,NaN,NaN,NaN,192.4580244431431,0,0,180.33008482751617,0,19.220048465391503,29.420324321145642,-96.1002785515321,-72.32704402515725
1752824280,179.2,182.7,178.75,181,NaN,NaN,NaN,192.4580244431431,0,0,180.41382422407665,0,17.509105501270067,22.482959060955455,-77.15877437325908,-58.071278825995805
1752824340,181,181,179,180.1,NaN,NaN,NaN,192.4580244431431,0,0,180.37459619606707,0,16.5491572240911,17.759437063584233,-82.17270194986078,-61.8448637316562
1752824400,179.85,179.85,178.4,178.9,NaN,NaN,NaN,191.30480483714618,0,0,180.1902716715587,0,15.3552727532936,16.47117849288493,-86.97068403908796,-66.87631027253666
1752824460,179.65,180.65,178,178.8,NaN,NaN,NaN,191.08182435343156,0,0,180.01648771261387,0,9.273267913180563,13.725899296855097,-79.67914438502666,-67.29559748427667
1752824520,178.85,182.1,178.7,181.55,NaN,NaN,NaN,191.08182435343156,0,0,180.20817674853714,0,12.669748540780452,12.432763069084883,-50.26737967914429,-55.765199161425514
1752824580,180.85,182.3,180,181.9,NaN,NaN,NaN,191.08182435343156,0,0,180.41965465497,0,19.396225614147067,13.779747356036038,-42.19653179190755,-55.10638297872335
1752824640,181.3,182.1,180.35,181.4,NaN,NaN,NaN,191.08182435343156,0,0,180.54219782309875,1,24.996823771365342,19.02093264209763,-22.413793103448047,-57.23404255319144
1752824700,181.9,182,180.85,181.8,NaN,NaN,NaN,191.08182435343156,0,0,180.69942309521142,0,39.25881613659377,27.883955174035407,-17.475728155339443,-55.53191489361694
1752824760,180.5,180.6,173.9,174.6,NaN,NaN,NaN,188.47026921245782,0,0,179.93699520830998,0,30.22114788753036,31.492262598496506,-92.04545454545466,-86.17021276595744
1752824820,174.85,175.6,172.9,175.15,NaN,NaN,NaN,185.15824229121202,0,0,179.33862080727124,0,24.872486106731568,31.450816710285242,-76.06382978723406,-83.8297872340425
1752824880,175.2,175.65,174,174.75,NaN,NaN,NaN,185.1374180620908,0,0,178.76504320636235,0,3.5527453829333644,19.548793125731777,-80.31914893617028,-85.531914893617
1752824940,175.15,177.9,175.15,176.55,NaN,NaN,NaN,185.1374180620908,0,0,178.48816280556707,0,14.695404416263047,14.373545301975994,-61.17021276595741,-77.87234042553183
1752825000,176,177,175.8,177,NaN,NaN,NaN,185.1374180620908,1,0,178.3021424548712,1,25.964825083167188,14.737658294121204,-56.38297872340434,-75.95744680851062
1752825060,176.7,177.55,173.65,176.35,168.15,NaN,NaN,185.1374180620908,0,0,178.0581246480123,0,35.10817421696717,25.25613457213247,-63.29787234042568,-78.72340425531915
1752825120,175.4,178.95,175.4,176.35,168.15,NaN,NaN,185.1374180620908,0,0,177.84460906701077,0,34.31991371864134,31.797637672925237,-62.50000000000008,-82.77404921700226
1752825180,176.35,178.35,176.35,177.95,NaN,171.88605186500712,NaN,185.1374180620908,0,0,177.8577829336344,0,41.10121186863306,36.843099934747194,-44.50549450549466,-75.9550561797753
1752825240,178.5,179.75,175.95,176,NaN,171.88605186500712,NaN,185.1374180620908,0,0,177.62556006693012,0,40.10876785058348,38.50996447928596,-59.74025974025975,-85.87699316628704
1752825300,176.25,179.4,176,179,NaN,172.80067319360455,NaN,185.1374180620908,0,0,177.79736505856386,0,56.979932195597485,46.06330397160468,-10.94890510948906,-72.2095671981777
1752825360,178.35,179.65,178.35,179.2,NaN,173.77253855488362,NaN,185.1374180620908,0,0,177.97269442624338,0,64.9366894136755,54.00846315328548,-9.016393442623146,-71.29840546697045
1752825420,179.3,181.05,179,179.75,NaN,174.67003084390691,NaN,185.1374180620908,0,0,178.19485762296296,0,87.78603543277917,69.90088568068406,-17.567567567567707,-68.79271070615036
1752825480,180,180.9,178,180.4,NaN,175.29202467512553,NaN,185.1374180620908,0,0,178.47050042009258,0,93.89380588609465,82.20551024418312,-8.783783783783853,-65.83143507972663
1752825540,180.5,180.85,178.1,178.15,NaN,175.3236197401004,NaN,185.1374180620908,0,0,178.43043786758102,0,84.51734092243014,88.73239408043464,-39.189189189189236,-72.86821705426357
1752825600,179.3,179.4,173.7,176,NaN,NaN,NaN,185.1374180620908,0,0,178.12663313413339,0,58.27142620111479,78.89419100321321,-68.70748299319722,-76.77902621722849
1752825660,176.2,180.95,174.6,180.85,NaN,NaN,NaN,185.1374180620908,0,0,178.46705399236671,0,58.27142620111479,67.02006444155325,-2.7210884353743734,-40.44943820224725
1752825720,180.5,180.5,178.2,179.7,NaN,NaN,NaN,185.1374180620908,0,0,178.62117224332087,0,64.56746208049437,60.37010482757466,-18.367346938775764,-46.24505928853771
1752825780,179.85,182.55,178.55,181.55,NaN,NaN,NaN,185.1374180620908,0,0,178.98727571290576,0,91.93540959908508,71.59143262689808,-11.299435028248558,-11.734693877550809
1752825840,181.95,183.35,181.45,181.65,NaN,NaN,NaN,185.1374180620908,0,0,179.32011624879254,0,91.93540959908508,82.81276042622152,-17.6165803108807,-16.267942583731966
1752825900,181.05,182.05,180,181.6,NaN,NaN,NaN,185.1374180620908,0,0,179.6051017176935,0,99.62980361598659,94.50020760471891,-18.134715025906726,-16.746411483253606
1752825960,181.5,183.2,181.5,181.85,NaN,NaN,NaN,185.1374180620908,0,0,179.88571400298179,0,99.62980361598659,97.06500561035274,-15.544041450777193,-14.354066985645948
1752826020,181.75,182.15,180.35,180.9,NaN,NaN,NaN,185.1374180620908,0,0,180.01249975260907,0,92.15539444795388,97.13833389330902,-25.388601036269296,-23.44497607655494
1752826080,180.4,183.9,178.9,183.75,NaN,NaN,NaN,185.1374180620908,0,0,180.47968728353294,0,92.52559083196728,94.77026296530259,-1.4705882352941708,-1.3636363636364153
1752826140,182.85,185.25,182.85,185.25,NaN,NaN,174.87236497570015,NaN,0,0,181.07597637309132,0,92.52559083196728,92.40219203729613,0,0
1752826200,184.85,185.65,183.15,184,NaN,NaN,175.39012847813015,NaN,0,0,181.4414793264549,0,93.20288042217179,92.75135402870211,-22.147651006711435,-12.94117647058828
1752826260,183.65,189.5,183.65,187.55,NaN,NaN,176.71111563031712,NaN,0,0,182.20504441064804,0,93.20288042217179,92.97711722543694,-17.808219178082105,-11.746987951807164
1752826320,188.1,191,187.25,191,NaN,NaN,179.1225040672854,NaN,0,0,183.30441385931704,0,93.2028804221718,93.20288042217179,0,0
1752826380,190.95,191.2,186.3,188.55,NaN,NaN,179.1225040672854,NaN,0,0,183.9601121269024,0,91.2528623368968,92.55287439374679,-21.544715447154317,-14.48087431693978
1752826440,188.45,190.8,187.5,190.8,NaN,NaN,179.1225040672854,NaN,0,0,184.81509811103962,0,84.63032862449889,89.69535712785581,-3.252032520325023,-2.1857923497266536
1752826500,191.1,191.2,189,189.1,NaN,NaN,180.06648046505106,NaN,0,0,185.35071084715966,0,69.7761650193438,81.8864519935798,-17.073170731707293,-11.965811965811945
1752826560,189.6,190.95,185.6,185.6,NaN,NaN,180.06648046505106,NaN,0,0,185.3818719912647,0,46.20398530460614,66.87015964948291,-45.52845528455286,-31.908831908831907
1752826620,185.5,188,184.45,185.1,NaN,NaN,180.06648046505106,NaN,0,0,185.3466379923566,0,19.493185683670713,45.157778669206856,-73.05389221556884,-34.75783475783476
1752826680,184.85,184.85,180.75,182.6,NaN,NaN,180.06648046505106,NaN,0,0,185.003308243312,0,1.0140159554924846,22.237062314589753,-82.29665071770339,-49.00284900284902
1752826740,182.8,184.95,182.8,184.95,NaN,NaN,180.06648046505106,NaN,0,0,184.996644712898,0,6.8529907261736005,9.120064121778912,-59.80861244019145,-35.714285714285715
1752826800,185,185.25,181.8,183.3,NaN,NaN,180.06648046505106,NaN,0,0,184.78456412378574,0,8.742801613415917,5.536602765027335,-75.59808612440177,-45.14285714285701
1752826860,184.2,186,184,185.95,NaN,NaN,180.06648046505106,NaN,0,0,184.93024360831254,0,18.062134744605164,11.219309028064893,-50.23923444976082,-30
1752826920,185.75,186.85,182.1,182.5,NaN,NaN,180.06648046505106,NaN,0,0,184.62646315727346,0,11.209144018431543,12.671360125484208,-83.25358851674639,-49.71428571428565
1752826980,182.1,182.5,178.85,180.75,NaN,NaN,180.06648046505106,NaN,0,0,184.14190526261427,0,9.319333131189225,12.863537298075313,-84.61538461538456,-59.71428571428565
1752827040,180.9,180.9,177,178.8,NaN,NaN,NaN,189.72660657017096,0,0,183.47416710478748,0,1.1842378929335002e-15,6.842825716540258,-87.0967741935483,-70.85714285714273
1752827100,178.85,180.8,178.4,180.4,NaN,NaN,NaN,189.72660657017096,0,0,183.08989621668906,0,3.9099784058019953,4.409770512330408,-69.09090909090904,-61.71428571428561
1752827160,180.85,184.65,180.45,183.2,NaN,NaN,NaN,189.72660657017096,0,0,183.10365918960292,0,15.552317425760855,6.487431943854285,-37.05583756345185,-45.714285714285715
1752827220,183,192.25,183,191.35,NaN,NaN,175.26315381034536,NaN,0,0,184.13445179090255,1,42.80805331993685,20.7567830504999,-5.901639344262333,-4.85175202156337
1752827280,191.4,195.95,191.4,194.2,NaN,NaN,181.16933842931084,NaN,0,1,185.39264531703972,0,72.2314082474682,43.530592997721975,-9.234828496042223,-8.196721311475413
1752827340,195.25,195.25,181.95,184.4,NaN,NaN,181.16933842931084,NaN,0,0,185.26856465240976,0,72.38893603017289,62.47613253252598,-60.94986807387857,-60.94986807387857
1752827400,183.95,185.8,182.55,182.75,NaN,NaN,181.16933842931084,NaN,0,0,184.95374407085853,0,54.04384046591526,66.22139491451878,-69.6569920844327,-69.6569920844327
1752827460,182.85,185,181.25,182.85,NaN,NaN,181.16933842931084,NaN,0,0,184.69077606200122,0,29.815719912717796,52.08283213626865,-69.12928759894461,-69.12928759894461
1752827520,183,186,182.85,186,NaN,NaN,181.16933842931084,NaN,0,0,184.85442905425106,0,33.17120296544945,39.0102544480275,-52.50659630606857,-52.50659630606857
1752827580,186.1,190,185.7,189.35,NaN,NaN,181.16933842931084,NaN,0,0,185.41637542246968,0,45.243339764293864,36.07675421415371,-37.60683760683761,-34.82849604221635
1752827640,188.5,188.75,185.25,188.75,NaN,NaN,181.16933842931084,NaN,0,0,185.83307849466098,0,55.80670634795041,44.740416359231254,-46.45161290322573,-37.99472295514508
1752827700,188.4,189.9,187.5,189.55,NaN,NaN,181.16933842931084,NaN,0,0,186.29769368282837,0,61.76995095152782,54.27333235459071,-43.53741496598627,-33.773087071240006
1752827760,189.25,189.3,184.9,185.55,NaN,NaN,181.16933842931084,NaN,0,0,186.20423197247482,0,53.03751897630034,56.8713920919262,-70.74829931972779,-54.881266490765086
1752827820,186,186,183.7,185.8,NaN,NaN,181.16933842931084,NaN,0,0,186.15370297591545,0,46.13817219557719,53.64854737446846,-67.49999999999991,-53.56200527704477
1752827880,185.3,189.5,185.3,186.75,NaN,NaN,181.16933842931084,NaN,0,0,186.22824010392603,0,36.76666374737742,45.31411830641832,-37.142857142857146,-48.54881266490762
1752827940,187.45,188.95,187.3,188,NaN,NaN,181.16933842931084,NaN,0,0,186.44971009093527,0,36.2714355037281,39.72542381556091,-22.857142857142858,-41.95250659630604
1752828000,187.9,188.1,185.35,185.65,NaN,NaN,181.16933842931084,NaN,0,0,186.34974632956835,0,27.410656623159387,33.48291862475498,-60.83916083916071,-54.353562005276984
1752828060,185.9,188,185.9,188,NaN,NaN,181.16933842931084,NaN,0,0,186.5560280383723,0,26.79136886257349,30.157820329820336,-31.74603174603169,-41.95250659630604
1752828120,187.25,189,185.25,187.85,NaN,NaN,181.16933842931084,NaN,0,0,186.71777453357575,0,36.233019843354576,30.145015109695823,-33.06451612903235,-42.74406332453825
1752828180,188.75,190.9,187.5,189.05,NaN,NaN,181.16933842931084,NaN,0,0,187.00930271687878,0,61.12379207426185,41.38272692672998,-25.694444444444304,-36.41160949868064
1752828240,189.4,190,187.1,188.8,NaN,NaN,181.16933842931084,NaN,0,0,187.23313987726894,0,76.67384059484166,58.010217504152706,-29.16666666666652,-37.73087071240096
1752828300,188.4,189.95,186.95,187.35,NaN,NaN,181.16933842931084,NaN,0,0,187.24774739261034,0,64.8471697368966,67.54826746866671,-49.3055555555556,-45.38258575197889
1752828360,187.15,187.55,184.15,185.8,NaN,NaN,181.16933842931084,NaN,0,0,187.06677896853404,0,36.04794380348876,59.18965137840902,-75.55555555555547,-53.56200527704477
1752828420,186.3,187.3,182.35,182.35,NaN,NaN,181.16933842931084,NaN,0,0,186.47718159746728,0,9.370097032721992,36.75507019103579,-100,-71.76781002638525
1752828480,182.3,182.7,179.35,181.65,NaN,NaN,181.16933842931084,NaN,0,0,185.87378389778388,0,-9.473903143468002e-15,15.139346945403586,-80.08658008658001,-75.46174142480206
1752828540,181.65,185.4,181.65,185.35,NaN,NaN,181.16933842931084,NaN,0,0,185.8083109105609,0,18.44180741512228,9.270634815948094,-48.0519480519481,-55.93667546174144
1752828600,185.4,186.9,184.2,186.65,NaN,NaN,181.16933842931084,NaN,0,0,185.91352204674078,1,42.665906732700485,20.36923804927426,-36.79653679653676,-49.076517150395716
1752828660,187,191,187,190.65,NaN,NaN,181.16933842931084,NaN,0,1,186.5055817908982,0,75.9992400660338,45.70231807128553,-3.004291845493512,-27.96833773087064
1752828720,191.25,191.25,187.7,188.3,NaN,NaN,181.16933842931084,NaN,0,0,186.72988406703593,0,81.6524569062738,66.77253456833603,-24.78991596638645,-43.589743589743506
1752828780,188.9,189.6,187.85,188.95,NaN,NaN,181.16933842931084,NaN,0,0,187.00739855865643,0,83.66613868922862,80.43927855384541,-19.327731092437062,-42.16867469879519
1752828840,188.9,190.9,188.55,190.6,NaN,NaN,181.16933842931084,NaN,0,0,187.45647373882437,0,81.95734760670535,82.42531440073593,-5.462184873949625,-32.22891566265058
1752828900,190.35,191.7,188,188.6,NaN,NaN,181.16933842931084,NaN,0,0,187.59941452147132,0,81.22276597242937,82.28208408945444,-25.10121457489875,-44.277108433734924
1752828960,188.15,190.8,184.9,186.55,NaN,NaN,181.16933842931084,NaN,0,0,187.4682377062874,0,70.49262814496002,77.89091390803158,-41.70040485829943,-54.71698113207538
1752829020,186.9,191.35,184.95,191.35,NaN,NaN,181.16933842931084,NaN,0,0,187.95345799300148,0,70.27283447098547,73.99607619612495,-3.4825870646765664,-2.834008097165947
1752829080,191.25,198.55,191.1,198.55,NaN,NaN,182.0743651480119,NaN,0,0,189.2780257438763,0,80.24572518323252,73.67039593305934,0,0
1752829140,197.6,199.25,195.8,197.7,NaN,NaN,185.01442863321074,NaN,0,0,190.33077252589175,0,95.80884191032311,82.10913385484703,-10.80139372822308,-7.788944723618146
1752829200,197.45,202.8,197.45,198.7,NaN,NaN,187.26048576988967,NaN,0,0,191.3769259601553,0,96.9867395936401,91.01376889573191,-22.905027932961012,-17.48400852878473
1752829260,200.3,200.3,195.55,195.65,NaN,NaN,187.26048576988967,NaN,0,0,191.91106021513588,0,88.00951282539442,93.60169810978589,-39.94413407821231,-30.49040511727079
1752829320,195.45,204.45,195.45,203.95,NaN,NaN,187.26048576988967,NaN,0,0,193.4159276882439,0,90.27208615857349,91.75611285920267,-2.5575447570332503,-1.9920318725099606
1752829380,205.9,205.9,202.7,203.45,NaN,NaN,190.37751912624958,NaN,0,0,194.6701867272134,0,89.3739776152559,89.21852553307461,-11.666666666666748,-9.227871939736406
1752829440,203.8,210.6,203.8,210.6,NaN,NaN,192.52476721362459,NaN,0,0,196.66141338631172,0,98.35120438350157,92.66575605244365,0,0
1752829500,209.4,211.4,204.65,206.4,NaN,NaN,192.79229049226214,NaN,0,0,197.87873671302276,0,88.14246156941745,91.95588118939163,-18.90359168241965,-15.600624024960993
1752829560,206.95,206.95,200.1,200.3,NaN,NaN,192.79229049226214,NaN,0,0,198.1813946238949,0,67.10035709849156,84.53134101713687,-54.67980295566497,-34.633385335413394
1752829620,198.6,201.1,198.2,199.95,NaN,NaN,192.79229049226214,NaN,0,0,198.40247029590805,0,43.74632787644177,66.32971551478359,-71.78683385579942,-35.72542901716073
1752829680,200.3,201,195.45,195.45,NaN,NaN,192.79229049226214,NaN,0,0,198.03341150891953,0,22.418690369174396,44.421791781369244,-100.00000000000001,-49.76599063962563
1752829740,194.25,196,190.8,191.65,NaN,NaN,NaN,208.6554757080268,0,0,197.23548507030458,0,11.776257123265372,25.980425122960515,-95.87378640776701,-61.62246489859592
1752829800,191.85,196.3,191.85,194.05,NaN,NaN,NaN,208.6554757080268,0,0,196.8372994365165,0,5.489948266843396,13.228298586427734,-84.2233009708738,-54.13416536661463
1752829860,194.4,195.55,191.5,191.7,NaN,NaN,NaN,208.35243532350174,0,0,196.19513700695194,0,4.004158610423301,7.090121333510701,-95.63106796116516,-61.46645865834637
1752829920,191.75,195.15,190.25,191.85,NaN,NaN,NaN,207.51469179115153,0,0,195.65199488108294,0,4.5664014533907356,4.686836110219155,-92.43498817966906,-60.99843993759752
1752829980,192.05,194.5,191.25,193.4,NaN,NaN,NaN,207.1832226120364,0,0,195.37049552094757,0,4.108886496499998,4.226482186771356,-85.10638297872337,-56.16224648985958
1752830040,193.35,193.35,184.4,185.2,NaN,NaN,NaN,204.45240035083276,0,0,194.09918358082913,0,3.797723140938256,4.157670363609674,-96.4523281596453,-81.74726989079566
1752830100,186.4,188,182.7,185.3,NaN,NaN,NaN,200.9596603157495,0,0,192.9992856332255,0,3.3831136325475004,3.763241089995263,-85.86956521739118,-81.43525741029637
1752830160,184.6,190.55,184.6,189.1,NaN,NaN,NaN,200.9596603157495,0,0,192.51187492907232,0,5.780080923563769,4.32030589901652,-65.02732240437157,-74.95798319327734
1752830220,189,189.5,184.35,187,NaN,NaN,NaN,200.9596603157495,0,0,191.82289056293828,0,9.065527530846172,6.07624069565248,-68.38235294117644,-85.01742160278742
1752830280,186.55,188.45,185.75,187.35,NaN,NaN,NaN,200.9596603157495,0,0,191.263779242571,0,13.785643151799041,9.543750535402994,-65.80882352941178,-83.79790940766549
1752830340,187.5,187.55,185.05,186.4,NaN,NaN,NaN,200.57321313316325,0,0,190.65580683724963,0,13.318653468900242,12.056608050515152,-71.20622568093377,-87.10801393728218
1752830400,187,188.9,186.35,186.85,NaN,NaN,NaN,200.57321313316325,0,0,190.18008098259344,0,16.85311903293976,14.65247188454635,-66.66666666666667,-85.54006968641113
1752830460,187,187,184.6,186.3,NaN,NaN,NaN,198.76980263786223,0,0,189.69507085976926,1,20.185793793338053,16.78585543172602,-69.49152542372865,-87.4564459930313
1752830520,187,189.65,185.45,188.45,NaN,NaN,NaN,198.76980263786223,1,0,189.5394370022981,0,37.88547731083124,24.974796712369685,-46.00938967136153,-79.9651567944251
1752830580,188.9,192,188.05,192,NaN,185.68751663366427,NaN,198.76980263786223,0,0,189.8470073770108,0,64.39889847284265,40.82338985900398,0,-67.59581881533099
1752830640,191.85,192.75,190.4,191.6,NaN,186.10401330693142,NaN,198.76980263786223,0,0,190.06613145488447,0,87.72689181554301,63.33708919973896,-13.690476190476248,-68.98954703832753
1752830700,191.9,193,188.05,188.05,NaN,186.10401330693142,NaN,198.76980263786223,0,0,189.8141150230239,0,81.18421008465647,77.77000012434738,-57.22543352601139,-81.35888501742154
1752830760,187.8,191.55,187.05,191.55,NaN,186.10401330693142,NaN,198.76980263786223,0,0,190.03110064514593,0,79.48747894839389,82.79952694953113,-17.261904761904614,-69.16376306620204
1752830820,192.55,192.55,190.25,192,NaN,186.10401330693142,NaN,198.76980263786223,0,0,190.2772130645027,0,81.292395223099,80.65469475204979,-11.904761904761896,-67.59581881533099
1752830880,193.65,194.4,191.5,191.85,NaN,186.10401330693142,NaN,198.76980263786223,0,0,190.47381143143986,0,97.58179553568452,86.12055656905913,-26.02040816326539,-68.11846689895471
1752830940,192.7,195.3,192.45,194.9,NaN,188.8015358804153,NaN,198.76980263786223,0,0,191.02708500250986,0,99.27852667194709,92.7175724769102,-3.738317757009393,-57.49128919860624
1752831000,195.5,198.9,188.7,188.8,NaN,NaN,NaN,198.76980263786223,0,0,190.74869937719615,0,75.7380033180223,90.86610850855129,-75.09293680297384,-78.74564459930308
1752831060,190.25,195.15,190.25,195.15,NaN,NaN,NaN,198.76980263786223,0,0,191.29886195504662,0,73.75884236127924,82.92512411708287,-31.64556962025318,-56.62020905923342
1752831120,194.55,197,193.15,194.65,NaN,NaN,NaN,198.76980263786223,0,0,191.7177542106658,0,69.25006259159606,72.91563609029919,-35.8649789029536,-58.36236933797906
1752831180,194.2,194.95,188,188.3,NaN,NaN,NaN,198.76980263786223,0,0,191.29053493433256,0,67.70851218335035,70.23913904540855,-89.45147679324894,-76.90721649484527
1752831240,189,191.8,188.75,191.45,NaN,NaN,NaN,198.76980263786223,0,0,191.310468067541,0,55.34713839648197,64.10190439047612,-62.86919831223646,-52.44565217391306
1752831300,191,192.45,190.7,190.7,NaN,NaN,NaN,198.76980263786223,0,0,191.23415955909837,0,37.14648622191999,53.400712267250775,-75.22935779816525,-56.28415300546451
1752831360,190.9,193.2,190.65,191.85,NaN,NaN,NaN,198.76980263786223,0,0,191.31113961421107,0,44.463610485080245,45.65241170116073,-64.67889908256888,-43.51851851851854
1752831420,191.8,194.35,190.85,191.95,NaN,NaN,NaN,198.76980263786223,0,0,191.3909971624347,0,42.20789789099209,41.27266486599744,-63.76146788990838,-42.9012345679013
1752831480,191.85,191.9,186.75,188.5,NaN,NaN,NaN,198.76980263786223,0,0,191.02962251713035,0,32.079527375464465,39.5836785838456,-85.59670781893004,-64.19753086419749
1752831540,190,191.2,188.25,191.1,NaN,NaN,NaN,198.76980263786223,0,0,191.03841970248905,0,29.07711058760317,34.45484528468658,-57.560975609756156,-48.14814814814817
1752831600,191.95,193,191,191.25,NaN,NaN,NaN,198.76980263786223,0,0,191.0648672396779,0,26.347417013565217,29.16801832554428,-56.09756097560975,-47.22222222222221
1752831660,191.6,191.65,189.45,191.1,NaN,NaN,NaN,198.76980263786223,0,0,191.06925883471817,0,38.364785615313956,31.263104405494108,-46.95121951219512,-48.14814814814817
1752831720,191.7,193,191.35,192.5,NaN,NaN,NaN,198.76980263786223,0,0,191.2481014803784,0,45.70667273586944,36.80629178824953,-24.342105263157837,-39.50617283950616
1752831780,193.25,194.2,191.2,192.25,NaN,NaN,NaN,198.76980263786223,0,0,191.3733387953311,0,53.07797462331897,45.716477658167456,-27.631578947368368,-45.70446735395189
1752831840,192.4,194.5,192.2,193.9,NaN,NaN,NaN,198.76980263786223,0,0,191.68917144591472,0,71.38242284311703,56.7223567341018,-7.741935483870894,-34.36426116838485
1752831900,195.6,197,193.95,195.35,NaN,NaN,NaN,198.76980263786223,0,0,192.1467750151754,0,84.80790200943308,69.7560998252897,-16.097560975609813,-24.825174825174884
1752831960,196.35,197.6,195,197,NaN,NaN,NaN,198.76980263786223,0,0,192.75342813827848,0,97.48401436177399,84.55811307144135,-5.5299539170506415,-13.286713286713315
1752832020,197,198.5,194.2,194.7,NaN,NaN,NaN,198.76980263786223,0,0,192.99674962099368,0,87.79752080528658,90.02981239216454,-37.07317073170743,-29.370629370629466
1752832080,195.25,196.2,194.1,195.45,NaN,NaN,NaN,198.76980263786223,0,0,193.30340591836946,0,78.75350537083982,88.01168017930013,-33.701657458563616,-24.125874125874226
1752832140,195.5,195.5,192.75,192.75,NaN,NaN,NaN,198.76980263786223,0,0,193.23423017857328,0,56.10141691560289,74.21748103057642,-63.535911602209865,-45.72490706319701
1752832200,193.3,195.9,192.95,193.85,NaN,NaN,NaN,198.76980263786223,0,0,193.31120140625163,0,50.72198535797685,61.85896921480651,-63.69863013698628,-41.56378600823053
1752832260,194,197,193.75,196.4,NaN,NaN,NaN,198.76980263786223,0,0,193.69730123047017,0,53.152972169132944,53.325458147570885,-28.76712328767111,-20.57613168724279
1752832320,195.85,196.75,195.3,195.7,NaN,NaN,NaN,198.76980263786223,0,0,193.9476385766614,0,61.209748574025205,55.02823536704499,-44.44444444444454,-26.33744855967091
1752832380,197,197.15,195.2,196.7,NaN,NaN,NaN,198.76980263786223,0,0,194.29168375457874,0,70.32630927113387,61.56301000476399,-31.304347826087156,-18.106995884773795
1752832440,197.1,199,196.85,198.85,NaN,NaN,189.35630413828142,NaN,0,0,194.8614732852564,0,76.93933789442453,69.49179857986118,-2.400000000000091,-1.2244897959184138
1752832500,199.95,199.95,194.95,195.7,NaN,NaN,189.35630413828142,NaN,0,0,194.96628912459937,0,68.5869250041025,71.95085738988695,-59.02777777777787,-32.196969696969724
1752832560,197,197.75,195.5,197.7,NaN,NaN,189.35630413828142,NaN,0,0,195.30800298402445,0,65.15100953278129,70.22575747710276,-31.25000000000005,-17.04545454545456
1752832620,197.75,198,196,196.3,NaN,NaN,189.35630413828142,NaN,0,0,195.4320026110214,0,43.53739760062379,59.091777379169194,-50.69444444444421,-27.651515151515003
1752832680,196.65,197.45,195.5,195.5,NaN,NaN,189.35630413828142,NaN,0,0,195.44050228464374,0,39.396377689220515,49.36159494087519,-63.571428571428406,-33.712121212121154
1752832740,196,196.55,194.45,194.65,NaN,NaN,189.35630413828142,NaN,0,0,195.34168949906328,0,18.35847667765152,33.764083989165265,-85.48387096774182,-40.151515151515056