datetime,open,high,low,close,K,D,%R,%R.1
2025-07-11 09:15:00,280.0,280.0,246.5,248.3,50.237930768200066,60.85585888848911,-97.878609310548,-98.145285935085
2025-07-11 09:16:00,246.0,257.45,242.85,254.0,38.00410183733992,52.702852305177466,-87.40112994350282,-88.92750744786495
2025-07-11 09:17:00,253.75,257.85,246.4,257.45,12.131506990550426,33.457846532030146,-83.50282485875708,-85.50148957298909
2025-07-11 09:18:00,258.4,259.55,252.9,257.45,19.59224547709426,23.242618101661535,-83.50282485875708,-85.50148957298909
2025-07-11 09:19:00,257.5,263.5,254.75,257.65,22.563202640921315,18.09565170285534,-83.27683615819211,-85.30287984111223
2025-07-11 09:20:00,257.1,264.85,253.0,262.75,27.419236678722378,23.191561598912656,-77.5141242937853,-80.23833167825222
2025-07-11 09:21:00,262.8,265.5,257.0,258.65,31.16036653115189,27.0476019502652,-82.14689265536725,-84.30983118172793
2025-07-11 09:22:00,259.75,264.45,257.4,261.9,37.74666380797826,32.10875567261751,-78.47457627118646,-80.96903096903098
2025-07-11 09:23:00,262.15,263.45,257.15,261.7,39.59254192647649,36.16652408853556,-49.25975773889639,-80.59701492537314
2025-07-11 09:24:00,262.1,269.15,261.85,265.8,46.57438165679154,41.30452913041544,-12.737642585551209,-76.00627286983794
2025-07-11 09:25:00,267.25,287.95,266.15,284.95,65.61000376488413,50.59230911605073,-7.220216606498198,-55.73080967402734
2025-07-11 09:26:00,283.1,283.55,276.35,279.3,81.89736871615627,64.69391804594399,-24.67902995720394,-61.285183218268706
2025-07-11 09:27:00,280.0,292.4,277.15,286.9,97.0469939802012,81.5181221537472,-13.95939086294417,-53.21295804567182
2025-07-11 09:28:00,288.8,288.8,279.0,279.0,93.34520230971954,90.76318833535902,-34.010152284263924,-61.60382368560807
2025-07-11 09:29:00,279.65,285.95,277.4,277.8,91.24257945035792,93.8782585800929,-41.24293785310727,-62.479871175523336
2025-07-11 09:30:00,277.5,278.8,270.7,272.2,82.49228790001489,89.02668988669745,-57.30496453900706,-68.45781837721655
2025-07-11 09:31:00,272.6,275.9,262.5,263.1,72.71563834273216,82.15016856436833,-83.1205673758864,-78.23750671681888
2025-07-11 09:32:00,263.9,268.5,259.9,268.5,68.86854551379946,74.69215725218218,-73.53846153846146,-72.43417517463729
2025-07-11 09:33:00,270.0,270.35,259.1,260.4,62.60277338981184,68.06231908211448,-96.09609609609625,-80.4456824512535
2025-07-11 09:34:00,262.2,264.2,260.05,261.5,62.295878086502945,64.58906566337141,-92.79279279279284,-78.92655367231637
2025-07-11 09:35:00,261.9,264.25,259.15,263.0,57.222127161840085,60.70692621271831,-88.28828828828834,-77.23163841807909
2025-07-11 09:36:00,262.35,266.65,258.6,266.65,62.94363463873907,60.820546629027376,-73.3443708609273,-73.10734463276839
2025-07-11 09:37:00,265.9,269.4,263.15,269.4,69.57076954344059,63.2455104480066,-60.51188299817196,-70.00000000000003
2025-07-11 09:38:00,269.6,276.95,269.6,275.85,83.47755389561586,71.99731935926519,-14.603960396039556,-62.71186440677964
2025-07-11 09:39:00,274.25,275.0,269.0,271.5,85.38775814413724,79.47869386106458,-29.700272479564028,-67.62711864406779
2025-07-11 09:40:00,271.0,280.0,269.6,280.0,92.61564805108974,87.16032003028096,0.0,-58.0225988700565
2025-07-11 09:41:00,276.1,278.5,274.7,276.35,87.44838763558285,88.48393127693662,-17.056074766355053,-62.14689265536721
2025-07-11 09:42:00,276.45,287.0,276.2,285.7,94.83273958449314,91.63225842372192,-4.5774647887324384,-13.521695257315823
2025-07-11 09:43:00,285.35,285.35,275.85,277.0,84.98904475407235,89.09005732471611,-35.21126760563383,-31.07971745711399
2025-07-11 09:44:00,277.35,279.55,273.85,277.0,80.31261033915844,86.71146489257465,-35.21126760563383,-33.47826086956519
2025-07-11 09:45:00,277.05,277.05,268.45,268.95,61.521924566536626,75.60785988658914,-75.68134171907754,-59.36708860759496
2025-07-11 09:46:00,268.8,271.15,265.0,268.75,52.36597738056721,64.73350409542077,-82.95454545454545,-60.025380710659874
2025-07-11 09:47:00,269.7,272.9,269.7,271.6,46.47095667065325,53.452952872585705,-69.9999999999999,-52.791878172588746
2025-07-11 09:48:00,272.1,272.85,269.0,270.0,46.26817650622621,48.36837018581557,-77.27272727272727,-63.27683615819207
2025-07-11 09:49:00,271.6,271.6,267.9,268.35,39.53531813281485,44.09148376989811,-84.77272727272717,-68.2269503546098
2025-07-11 09:50:00,267.35,272.25,266.65,266.65,21.94070033981625,35.914731659619115,-92.5000000000001,-73.04964539007092
2025-07-11 09:51:00,266.9,267.85,264.05,266.15,7.600832943531771,23.025617138720964,-90.1408450704227,-77.66272189349122
2025-07-11 09:52:00,266.2,268.95,264.3,268.85,7.491414741849046,12.344316008399034,-69.03225806451606,-69.67455621301771
2025-07-11 09:53:00,269.35,275.2,269.35,270.0,18.18560054021705,11.092616075199295,-54.23076923076932,-66.27218934911245
2025-07-11 09:54:00,269.95,271.0,266.4,271.0,31.75738841693931,19.14480123300181,-37.66816143497755,-63.31360946745564
2025-07-11 09:55:00,271.3,274.2,268.5,268.65,31.77708139530787,27.240023450821425,-58.7443946188343,-66.7218543046359
2025-07-11 09:56:00,268.35,270.9,267.05,268.0,31.932559510069485,31.8223431074389,-64.57399103139016,-66.90140845070428
2025-07-11 09:57:00,270.1,270.1,263.75,264.6,18.360771633347223,27.35680417957487,-92.5764192139736,-78.8732394366197
2025-07-11 09:58:00,265.0,265.25,257.5,257.5,10.849663913129628,20.38099835218212,-100.0,-100.0
2025-07-11 09:59:00,257.4,261.55,257.4,259.75,8.335227234582765,12.51522092701988,-86.79775280898865,-92.06081081081074
2025-07-11 10:00:00,260.7,260.7,251.35,254.65,8.335227234582765,9.173372794098391,-86.16352201257855,-90.74333800841512
2025-07-11 10:01:00,255.0,255.0,241.2,247.3,8.335227234582767,8.335227234582772,-82.0588235294117,-86.68122270742354
2025-07-11 10:02:00,247.65,249.2,245.15,248.05,1.9695611047250432,6.213338524630199,-79.24242424242418,-85.0436681222707
2025-07-11 10:03:00,248.2,250.05,244.5,246.55,2.135304181368673,4.146697506892168,-83.78787878787873,-88.31877729257637
2025-07-11 10:04:00,246.2,247.05,239.25,240.3,2.135304181368673,2.0800564891541367,-96.68246445497626,-97.80104712041884
2025-07-11 10:05:00,239.15,247.75,239.15,242.35,4.970257143287766,3.0802885020083703,-89.66074313408727,-93.31243469174508
2025-07-11 10:06:00,241.5,246.25,241.5,245.8,17.387184543370207,8.164248622675549,-74.52107279693485,-86.10240334378264
2025-07-11 10:07:00,246.05,247.2,243.0,246.35,31.19886405285773,17.852101913171897,-67.85714285714292,-84.95297805642635
2025-07-11 10:08:00,246.8,249.05,243.75,247.85,45.72089848089251,31.435649025706812,-59.62877030162416,-81.81818181818184
2025-07-11 10:09:00,248.7,249.0,247.0,248.0,53.548991216744334,43.489584583498186,-44.16403785488961,-81.50470219435738
2025-07-11 10:10:00,248.35,248.35,243.15,243.9,56.61536923544365,51.96175297769349,-56.42201834862387,-89.71861471861473
2025-07-11 10:11:00,243.85,244.95,243.0,244.5,60.82805113991193,56.99747053069998,-50.91743119266063,-86.75742574257427
2025-07-11 10:12:00,244.45,246.0,241.85,246.0,70.87690167613262,62.77344068382939,-30.808080808080906,-81.92612137203167
2025-07-11 10:13:00,245.0,245.0,238.0,241.15,73.92672367991156,68.5438921653187,-71.49321266968323,-91.53225806451611
2025-07-11 10:14:00,239.95,242.7,233.75,242.5,77.20575515691631,74.0031268376535,-42.81045751633991,-78.89022919179735
2025-07-11 10:15:00,242.5,242.5,238.25,239.8,66.32719213041854,72.48655698908213,-60.45751633986924,-85.40410132689985
2025-07-11 10:16:00,239.95,241.2,237.65,241.0,72.40193854550319,71.97829527761267,-52.614379084967354,-82.50904704463208
2025-07-11 10:17:00,240.45,240.7,236.5,236.5,59.662720201241065,66.13061695905425,-81.9672131147541,-93.36550060313633
2025-07-11 10:18:00,237.35,240.25,231.45,236.25,46.07754880310554,59.38073584994993,-71.59763313609463,-89.02857142857141
2025-07-11 10:19:00,235.0,235.0,228.0,229.5,20.07492285605511,41.93839728680057,-91.66666666666669,-96.8220338983051
2025-07-11 10:20:00,229.9,235.5,229.0,233.65,26.856971739854004,31.003147799671552,-68.61111111111109,-88.02966101694913
2025-07-11 10:21:00,233.35,234.3,223.3,225.05,24.77052491420494,23.900806503371353,-91.93548387096774,-96.56188605108056
2025-07-11 10:22:00,224.7,231.35,223.15,229.45,47.5007824131367,33.042759689065214,-67.77493606138113,-87.65915768854067
2025-07-11 10:23:00,229.65,231.05,227.5,228.2,46.91366069032429,39.728322672555315,-73.9018087855298,-89.42408376963354
2025-07-11 10:24:00,228.9,231.5,226.55,231.5,76.33756152514138,56.91733487620079,-53.73961218836564,-82.21512247071354
2025-07-11 10:25:00,232.5,233.4,228.5,228.5,80.07604441598903,67.77575554381824,-69.51566951566952,-87.29216152019004
2025-07-11 10:26:00,228.55,232.1,226.0,232.1,93.13540705644606,83.1830043325255,-47.66081871345034,-76.69270833333337
2025-07-11 10:27:00,232.1,232.55,228.0,231.05,90.93534441115924,88.04893196119811,-36.03238866396754,-78.96138482023966
2025-07-11 10:28:00,231.1,231.5,227.8,228.7,90.70174720827428,91.59083289195986,-55.06072874493939,-82.57456828885405
2025-07-11 10:29:00,228.45,230.0,226.5,229.2,85.39034888866651,89.00914683603334,-45.739910313901525,-77.50929368029746
2025-07-11 10:30:00,229.15,229.65,220.0,223.45,70.76054030271176,82.28421213321752,-74.25373134328368,-88.51913477537443
2025-07-11 10:31:00,223.25,223.25,215.75,221.25,57.117600858933976,71.08949668343742,-68.83852691218131,-83.48348348348348
2025-07-11 10:32:00,220.8,222.3,218.55,218.65,37.2549903457498,55.04437716913185,-83.56940509915012,-91.29129129129127
2025-07-11 10:33:00,217.5,218.7,214.05,217.8,24.691166517452583,39.68791924071213,-80.62015503875969,-89.28571428571429
2025-07-11 10:34:00,217.15,218.5,215.2,216.75,14.03211152492571,25.32608946270937,-85.40540540540546,-92.2857142857143
2025-07-11 10:35:00,216.25,217.85,213.4,215.55,5.872787024384318,14.865355022254205,-88.77284595300259,-93.96914446002803
2025-07-11 10:36:00,215.45,218.95,214.65,218.95,18.690434544642155,12.865111031317396,-69.33701657458572,-84.4101123595506
2025-07-11 10:37:00,218.75,222.4,218.65,221.1,43.29317041514533,22.61879732805727,-53.61445783132535,-77.96852646638057
2025-07-11 10:38:00,220.6,222.45,219.7,221.4,71.20132791984982,44.39497762654577,-50.76923076923077,-75.4601226993865
2025-07-11 10:39:00,221.1,222.0,219.85,221.4,82.35219963050194,65.61556598849903,-18.781725888324825,-75.4601226993865
2025-07-11 10:40:00,221.4,221.4,217.65,217.65,74.36172869593058,75.97175208209411,-53.038674033149086,-86.55063291139241
2025-07-11 10:41:00,219.1,222.95,218.0,222.15,79.78690452455942,78.83361095033065,-8.376963350785177,-70.13651877133104
2025-07-11 10:42:00,222.05,222.9,219.6,220.4,80.57836835566606,78.24233385871868,-26.70157068062814,-75.94501718213058
2025-07-11 10:43:00,220.55,220.55,205.25,205.8,63.44529369771726,74.60352219264757,-96.89265536723155,-98.47009735744086
2025-07-11 10:44:00,207.7,211.0,207.0,209.9,45.21789801856181,63.08052002398171,-73.72881355932198,-86.8829337094499
2025-07-11 10:45:00,209.6,209.6,200.75,200.9,19.08454216785445,42.58257796137784,-99.3243243243243,-99.62025316455696
2025-07-11 10:46:00,202.05,206.0,199.5,205.75,34.36489398774865,32.889111391388305,-73.34754797441363,-82.63888888888889
2025-07-11 10:47:00,205.1,205.85,201.9,204.95,34.76771473289395,29.40571696283235,-76.75906183368873,-84.86111111111114
2025-07-11 10:48:00,204.85,205.0,197.0,204.2,46.55173147763995,38.56144673276085,-72.25433526011564,-80.69705093833784
2025-07-11 10:49:00,204.45,204.45,200.2,200.2,37.08747459637751,39.468973602303805,-87.66859344894031,-91.20879120879124
2025-07-11 10:50:00,200.35,205.95,198.35,204.7,43.17455766568807,42.27125457990184,-70.27027027027033,-78.84615384615388
2025-07-11 10:51:00,204.0,206.9,204.0,206.2,54.966335140674765,45.07612246758011,-60.93418259023361,-74.72527472527476
2025-07-11 10:52:00,206.25,207.45,205.85,206.55,74.97793837229653,57.70627705955312,-31.785714285714203,-73.76373626373623
2025-07-11 10:53:00,206.35,208.3,205.95,207.9,85.00523871298769,71.649837408653,-13.492063492063409,-69.33895921237692
2025-07-11 10:54:00,207.45,208.6,206.0,206.0,86.16817650429239,82.05045119652554,-22.41379310344824,-74.68354430379748
2025-07-11 10:55:00,205.8,207.8,205.05,205.55,86.61429838312108,85.92923786680039,-26.29310344827573,-75.2173913043478
2025-07-11 10:56:00,205.7,207.1,203.65,205.2,81.77884984109384,84.85377490950243,-29.31034482758627,-75.15151515151518
2025-07-11 10:57:00,205.55,205.55,194.75,196.1,60.54252276225648,76.3118903288238,-90.25270758122748,-96.13180515759312
2025-07-11 10:58:00,195.65,195.75,187.3,190.45,32.856363684601455,58.392578762650594,-85.21126760563389,-91.2378303198888
2025-07-11 10:59:00,192.05,193.6,186.25,193.6,17.624233041222997,37.00770649602698,-67.11409395973156,-79.97275204359674
2025-07-11 11:00:00,194.35,194.35,187.75,187.75,14.306129895342131,21.595575540388868,-93.28859060402684,-95.91280653950956
2025-07-11 11:01:00,188.0,190.95,185.0,185.5,14.306129895342131,15.412164277302422,-97.8813559322034,-98.68247694334651
2025-07-11 11:02:00,184.65,189.2,184.45,185.5,2.7505672714229257,10.454275687369066,-95.65217391304344,-97.27272727272724
2025-07-11 11:03:00,186.1,188.3,184.1,184.6,-1.2434497875801752e-14,5.685565722255016,-97.8902953586498,-98.71299871299873
2025-07-11 11:04:00,182.9,188.25,182.5,187.2,10.203715171946978,4.318094147789965,-80.89430894308947,-88.38071693448704
2025-07-11 11:05:00,187.3,189.0,186.8,187.5,21.585989305601633,10.596568159182867,-78.30802603036878,-87.63906056860321
2025-07-11 11:06:00,187.25,191.3,186.1,191.3,47.38763070218014,26.39244505990958,-33.584905660377274,-78.24474660074162
2025-07-11 11:07:00,189.5,191.4,189.3,189.3,61.73817921672968,43.57059974150382,-42.61603375527414,-83.18912237330034
2025-07-11 11:08:00,189.5,189.95,184.9,184.9,65.69657908969789,58.27412966953591,-79.74683544303792,-94.06674907292953
2025-07-11 11:09:00,184.8,185.4,175.2,177.0,40.9363496142707,56.12370264023276,-88.88888888888883,-96.2264150943396
2025-07-11 11:10:00,177.6,184.2,177.6,184.2,47.772965776529816,51.46863149349948,-44.4444444444445,-80.15435501653805
2025-07-11 11:11:00,184.65,191.4,184.65,190.0,65.76562510324028,51.49164683134694,-8.641975308642001,-58.65921787709495
2025-07-11 11:12:00,190.0,204.3,190.0,202.15,98.0575465154223,70.53204579839746,-7.388316151202763,-21.65697674418601
2025-07-11 11:13:00,203.2,203.2,191.4,195.15,93.0051181903372,85.60942993633326,-31.44329896907216,-40.26946107784427
2025-07-11 11:14:00,194.75,196.6,192.0,192.0,83.15269091943338,91.40511854173096,-42.26804123711341,-49.700598802395184
2025-07-11 11:15:00,191.8,192.9,189.75,191.95,73.25396100031257,83.13725670336105,-42.439862542955375,-49.85029940119761
2025-07-11 11:16:00,191.6,192.9,190.35,191.4,69.80770961390525,75.40478717788373,-44.32989690721647,-51.49700598802391
2025-07-11 11:17:00,192.0,192.0,188.7,190.25,67.88051176736396,70.31406079386059,-48.281786941580755,-54.94011976047902
2025-07-11 11:18:00,190.25,192.15,188.5,188.75,64.40611033979603,67.36477724035508,-58.23970037453184,-59.43113772455087
2025-07-11 11:19:00,188.8,190.6,187.5,187.5,60.125253785164766,64.13729196410826,-85.4961832061069,-63.17365269461075
2025-07-11 11:20:00,188.2,188.9,186.6,188.9,59.24570236598881,61.25902216364987,-87.00564971751406,-58.98203592814367
2025-07-11 11:21:00,188.0,189.45,187.05,188.35,59.29232073014546,59.554425627099675,-89.45783132530121,-60.62874251497005
2025-07-11 11:22:00,187.8,188.2,185.15,185.75,57.54461724050173,58.69421344554532,-94.75982532751097,-67.63803680981593
2025-07-11 11:23:00,186.2,186.9,183.7,184.5,41.75068254013252,52.8625401702599,-91.30434782608684,-70.846394984326
2025-07-11 11:24:00,185.55,186.5,184.0,184.35,21.743862189331296,40.34638732332184,-92.9347826086956,-69.8517298187809
2025-07-11 11:25:00,184.4,184.95,182.15,183.9,4.880222096343076,22.791588941935625,-82.5,-70.10309278350512
2025-07-11 11:26:00,183.45,184.5,181.15,181.2,3.552713678800501e-15,8.874694761891453,-99.54545454545472,-79.38144329896909
2025-07-11 11:27:00,181.3,183.55,181.3,181.6,2.42437173930461,2.434864611882558,-95.23809523809535,-78.00687285223368
2025-07-11 11:28:00,182.0,183.0,181.4,182.7,11.732142753897037,4.718838164400549,-81.32530120481944,-74.22680412371136
2025-07-11 11:29:00,182.95,186.05,182.6,186.05,41.956015263551016,18.70417658558422,-40.96385542168656,-62.71477663230235
2025-07-11 11:30:00,186.2,189.1,186.0,186.95,72.86497685757973,42.184378291675934,-27.044025157232813,-59.62199312714779
2025-07-11 11:31:00,187.55,193.1,187.45,192.1,96.89053917632066,70.5705104324838,-8.368200836820092,-41.92439862542958
2025-07-11 11:32:00,192.1,192.95,188.45,189.5,92.62592988414048,87.46048197268028,-30.12552301255228,-50.85910652920962
2025-07-11 11:33:00,189.1,189.4,186.25,188.85,83.45279411902597,90.9897543931624,-35.56485355648539,-53.092783505154664
2025-07-11 11:34:00,188.95,189.4,187.3,188.35,72.84265788874417,82.97379396397021,-39.74895397489544,-54.8109965635739
2025-07-11 11:35:00,189.0,191.3,187.7,190.45,75.8328518507626,77.37610128617757,-22.457627118644147,-47.5945017182131
2025-07-11 11:36:00,190.85,191.65,189.2,190.25,79.97202558647462,76.21584510866046,-24.358974358974333,-48.281786941580755
2025-07-11 11:37:00,191.15,191.2,189.3,190.9,87.58229940495801,81.1290589473984,-20.95238095238084,-50.18726591760298
2025-07-11 11:38:00,191.5,194.2,190.75,193.8,91.9661755587991,86.50683351674392,-4.878048780487535,-45.356371490280765
2025-07-11 11:39:00,193.2,194.0,192.15,193.25,95.18321546308134,91.57723014227948,-11.949685534591069,-47.732181425486
2025-07-11 11:40:00,193.15,193.15,191.25,192.0,91.99964105336282,93.04967735841444,-27.672955974842665,-50.793650793650784
2025-07-11 11:41:00,191.55,191.55,188.05,190.35,79.02045953804013,88.73443868482809,-48.42767295597484,-40.45307443365699
2025-07-11 11:42:00,189.95,193.2,189.8,192.8,73.50531493446071,81.50847184195455,-20.289855072463507,-10.727969348658844
2025-07-11 11:43:00,192.6,195.5,192.45,193.45,74.78454225276481,75.77010557508855,-26.28205128205139,-14.28571428571437
2025-07-11 11:44:00,193.05,193.05,186.8,188.0,54.430390434754166,67.57341587399323,-86.20689655172426,-52.26480836236936
2025-07-11 11:45:00,188.85,189.8,187.85,189.45,35.99647369844633,55.070468795321766,-69.5402298850577,-42.160278745644696
2025-07-11 11:46:00,189.5,192.6,189.1,192.4,29.278055186844984,39.901639773348485,-35.63218390804596,-21.602787456445963
2025-07-11 11:47:00,192.35,192.7,189.6,191.65,47.05957244702811,37.444700444106466,-44.25287356321839,-26.829268292682897
2025-07-11 11:48:00,191.5,191.65,189.6,190.0,48.757311594381086,41.69831307608471,-63.21839080459778,-38.327526132404195
2025-07-11 11:49:00,190.0,191.95,190.0,191.1,42.01926568697463,45.9453832427946,-50.57471264367829,-30.662020905923395
2025-07-11 11:50:00,190.35,191.6,189.7,190.2,34.32446827072855,41.70034851736141,-60.91954022988527,-36.93379790940776
2025-07-11 11:51:00,190.5,190.55,188.65,190.55,37.137183928549376,37.82697262875084,-56.89655172413787,-34.4947735191637
2025-07-11 11:52:00,190.45,193.5,190.25,193.4,52.454408598845056,41.305353599374314,-1.4925373134327535,-14.63414634146338
2025-07-11 11:53:00,193.3,194.85,192.1,193.6,75.09146984423117,54.89435412387519,-17.857142857142858,-13.240418118466945
2025-07-11 11:54:00,194.0,195.35,192.15,193.4,94.15035174999348,73.89874339768988,-29.10447761194018,-14.78873239436617
2025-07-11 11:55:00,193.0,193.8,191.1,192.6,88.47492306574355,85.90558155332273,-41.04477611940305,-20.56737588652487
2025-07-11 11:56:00,192.7,192.9,189.25,191.45,71.1766898782607,84.60065489799923,-58.20895522388078,-31.395348837209376
2025-07-11 11:57:00,190.4,190.4,186.3,186.75,40.04000329899876,66.563872081001,-95.02762430939238,-92.10526315789474
2025-07-11 11:58:00,187.0,189.8,185.15,188.95,26.885451124394542,46.03404810055133,-62.74509803921581,-63.285024154589514
2025-07-11 11:59:00,188.9,188.9,183.95,185.0,11.45990322255424,26.128452548649175,-90.78947368421044,-90.90909090909082
2025-07-11 12:00:00,184.8,186.35,184.2,185.0,11.45990322255424,16.601752523167665,-90.78947368421044,-90.90909090909082
2025-07-11 12:01:00,184.75,185.2,176.95,184.0,-1.1842378929335004e-14,7.639935481702813,-61.684782608695606,-61.994609164420446
2025-07-11 12:02:00,184.15,184.15,182.1,182.5,-1.1842378929335004e-14,3.8199677408513946,-69.83695652173908,-70.08086253369268
2025-07-11 12:03:00,182.45,182.75,180.75,181.95,-1.1842378929335004e-14,-2.2895265930047673e-14,-70.326409495549,-73.04582210242589
2025-07-11 12:04:00,181.95,182.0,168.7,179.8,-1.1842378929335004e-14,-2.2895265930047673e-14,-54.132231404958624,-58.58208955223874
2025-07-11 12:05:00,180.45,183.45,178.55,183.45,13.295786764728474,4.43192892157615,-32.02764976958531,-44.962686567164205
2025-07-11 12:06:00,183.0,186.3,183.0,185.85,33.9020573331532,15.732614699293888,-18.72037914691949,-36.00746268656717
2025-07-11 12:07:00,185.5,186.75,184.7,185.2,53.254384364225274,33.48407615403565,-18.316831683168385,-38.43283582089555
2025-07-11 12:08:00,185.0,185.95,183.2,184.0,57.73409231087138,48.29684466941662,-15.235457063711902,-42.910447761194014
2025-07-11 12:09:00,184.4,184.4,173.6,181.1,49.064952325990326,53.35114300036233,-31.30193905817176,-53.731343283582085
2025-07-11 12:10:00,180.05,182.55,178.8,181.65,47.806194616263376,51.5350797510417,-28.254847645429315,-51.6791044776119
2025-07-11 12:11:00,182.1,182.1,180.1,180.5,43.91092059058767,46.92735584428046,-34.626038781163416,-55.72232645403374
2025-07-11 12:12:00,180.9,184.1,176.5,184.0,64.558018430009,52.09171121228669,-15.235457063711902,-42.58911819887427
2025-07-11 12:13:00,183.9,188.0,183.55,187.0,79.79778244199721,62.75557382086463,-6.944444444444442,-31.33208255159472
2025-07-11 12:14:00,186.45,187.75,186.15,187.0,99.25089508963168,81.20223198721264,-6.944444444444442,-31.33208255159472
2025-07-11 12:15:00,186.55,186.75,184.55,184.55,91.98042973195784,90.34303575452893,-23.958333333333243,-40.5253283302063
2025-07-11 12:16:00,183.85,185.0,181.2,182.0,76.63729419388422,89.28953967182458,-41.66666666666665,-50.093808630393966
2025-07-11 12:17:00,183.3,184.9,182.05,184.9,70.99541630874417,79.87104674486208,-21.52777777777773,-39.21200750469038
2025-07-11 12:18:00,184.3,188.9,184.0,186.9,79.01498657678633,75.54923235980492,-16.12903225806451,-31.70731707317068
2025-07-11 12:19:00,187.35,187.45,186.4,187.0,94.35812211485997,81.45617500013016,-15.32258064516133,-31.33208255159472
2025-07-11 12:20:00,185.7,185.7,184.45,184.95,90.64113620940782,88.00474830035137,-31.85483870967754,-39.024390243902445
2025-07-11 12:21:00,185.0,186.0,183.2,184.4,78.85150835228137,87.95025555884973,-58.441558441558314,-41.088180112570306
2025-07-11 12:22:00,184.4,187.2,184.3,184.9,69.58233106461303,79.69165854210074,-51.948051948051834,-35.458167330677284
2025-07-11 12:23:00,184.45,185.75,183.45,184.25,66.50609002911811,71.64664314867083,-60.38961038961033,-35.74380165289256
2025-07-11 12:24:00,183.55,185.25,182.4,183.0,59.86346050122052,65.3172938649839,-76.62337662337653,-34.10138248847926
2025-07-11 12:25:00,182.8,184.6,182.25,182.95,41.23150671101065,55.86701908044976,-86.86131386861346,-32.464454976303394
2025-07-11 12:26:00,182.95,183.25,180.85,182.05,20.333278203764447,40.47608180533188,-85.09316770186317,-33.91089108910885
2025-07-11 12:27:00,181.75,183.1,180.6,183.1,15.40823001973665,25.65767164483725,-63.50364963503647,-28.712871287128745
2025-07-11 12:28:00,183.2,183.2,181.75,182.95,18.753435785025545,18.164981336175547,-64.39393939393945,-29.45544554455451
2025-07-11 12:29:00,183.3,183.9,180.65,181.05,18.753435785025545,17.63836719659591,-93.18181818181792,-38.8613861386138
2025-07-11 12:30:00,181.05,191.6,181.05,184.2,33.55194090167072,23.686270823907268,-67.27272727272732,-32.31441048034936
2025-07-11 12:31:00,185.05,190.0,185.05,188.85,58.10786621426004,36.80441430031877,-25.0,-12.008733624454145
2025-07-11 12:32:00,188.4,188.75,186.35,187.2,84.16869001673611,58.6094990442223,-40.00000000000005,-24.444444444444475
2025-07-11 12:33:00,187.05,189.0,186.85,188.55,89.98399326815543,77.42018316638386,-27.727272727272577,-16.94444444444435
2025-07-11 12:34:00,188.5,192.05,188.35,192.05,89.98399326815543,88.04555885101566,0.0,0.0
2025-07-11 12:35:00,192.15,194.9,191.55,194.9,97.25650279901272,92.40816311177451,0.0,0.0
2025-07-11 12:36:00,195.4,197.4,193.1,196.25,100.0,95.74683202238936,-6.865671641791079,-4.831932773109266
2025-07-11 12:37:00,195.95,196.25,191.85,192.0,87.90671112122031,95.05440464007768,-32.238805970149286,-25.8373205741627
2025-07-11 12:38:00,191.55,191.8,188.9,191.2,73.79464691068112,87.23378601063382,-37.920489296636205,-29.665071770335
2025-07-11 12:39:00,190.3,190.9,187.2,188.4,53.04414336851995,71.58183380014047,-72.87449392712554,-43.06220095693779
2025-07-11 12:40:00,189.55,189.55,187.6,189.2,46.07066380499274,57.63648469473127,-74.20814479638017,-48.80952380952388
2025-07-11 12:41:00,189.4,189.4,187.5,188.6,39.67134465828619,46.26205061059963,-83.41232227488153,-52.380952380952415
2025-07-11 12:42:00,189.3,191.8,189.05,189.75,42.51180078401405,42.75126974909767,-74.99999999999993,-45.53571428571429
2025-07-11 12:43:00,190.4,199.75,189.85,198.6,57.06029003538473,46.41447849256167,-9.163346613545851,-6.00522193211491
2025-07-11 12:44:00,200.25,200.5,193.35,194.75,58.33330977906245,52.63513353282042,-43.23308270676688,-28.894472361809036
2025-07-11 12:45:00,194.05,195.3,191.55,194.75,57.00499358192775,57.466197798791654,-43.23308270676688,-28.894472361809036
2025-07-11 12:46:00,195.0,195.1,192.5,194.05,39.686647015426786,51.67498345880566,-48.49624060150363,-32.41206030150747
2025-07-11 12:47:00,193.95,195.45,192.4,195.05,39.85668769328513,45.51610943021323,-40.97744360902244,-27.38693467336677
2025-07-11 12:48:00,195.35,195.35,190.55,190.8,25.76171797351982,35.10168422741059,-74.61538461538453,-48.743718592964754
2025-07-11 12:49:00,190.5,191.7,188.9,189.0,14.265010397623646,26.627805354809535,-88.46153846153847,-57.78894472361807
2025-07-11 12:50:00,189.05,191.05,188.85,189.2,0.6524949890574329,13.559741120066969,-96.99570815450647,-56.78391959798999
2025-07-11 12:51:00,190.15,191.65,189.8,191.6,8.974685171907039,7.964063519529373,-76.39484978540774,-44.72361809045228
2025-07-11 12:52:00,191.1,191.35,185.4,185.55,8.974685171907039,6.200621777623837,-99.00662251655623,-75.12562814070344
2025-07-11 12:53:00,186.0,186.75,182.3,184.5,8.32219018284959,8.757186842221223,-83.26996197718637,-80.40201005025123
2025-07-11 12:54:00,184.95,185.3,181.15,181.85,-1.4210854715202004e-14,5.765625118252205,-95.1048951048952,-93.71859296482413
2025-07-11 12:55:00,181.4,184.0,181.4,183.6,4.024901360403656,4.115697181084411,-82.86713286713294,-85.13853904282121
2025-07-11 12:56:00,184.2,184.9,183.0,183.45,7.803262460369247,3.9427212735909634,-83.80281690140855,-85.89420654911846
2025-07-11 12:57:00,183.4,186.7,182.95,184.4,16.077777301543026,9.30198037410531,-69.19431279620848,-82.77634961439591
2025-07-11 12:58:00,184.6,185.35,180.5,181.95,14.479805631120191,12.786948464344157,-86.99551569506737,-92.75000000000006
2025-07-11 12:59:00,181.85,183.8,179.5,183.5,18.40315522486482,16.320246052509344,-67.07818930041154,-80.95238095238095
2025-07-11 13:00:00,185.0,186.4,184.15,184.4,20.84162973553093,17.908196863838644,-58.64978902953579,-76.66666666666664
2025-07-11 13:01:00,184.55,185.0,182.6,183.25,29.43209869500446,22.892294551800067,-48.27586206896552,-82.14285714285714
2025-07-11 13:02:00,183.3,185.9,182.45,184.45,38.891349827449034,29.721692752661472,-31.25000000000005,-76.42857142857149
2025-07-11 13:03:00,184.35,184.45,181.0,182.6,37.82505676711831,35.382835096523934,-56.94444444444446,-85.23809523809526
2025-07-11 13:04:00,182.7,184.95,182.15,184.85,47.886610098929985,41.53433889783244,-25.694444444444407,-74.52380952380955
2025-07-11 13:05:00,184.6,184.9,181.0,182.55,49.23850143784529,44.98338943463119,-57.638888888888665,-85.47619047619042
2025-07-11 13:06:00,182.2,183.0,179.65,180.5,46.12411704695669,47.74974286124399,-85.50724637681161,-95.23809523809524
2025-07-11 13:07:00,180.6,181.0,179.65,180.55,32.01687183286236,42.45983010588811,-84.78260869565202,-94.99999999999994
2025-07-11 13:08:00,180.0,180.55,177.05,178.15,13.504018667792254,30.548335849203763,-88.23529411764711,-95.30916844349684
2025-07-11 13:09:00,178.5,178.5,167.5,168.6,6.9717067671717,17.49753242260877,-94.0217391304348,-96.66666666666669
2025-07-11 13:10:00,169.0,178.6,167.4,177.3,25.41931173472671,15.298345723230218,-46.486486486486456,-70.0906344410876
2025-07-11 13:11:00,176.2,178.85,174.9,178.0,52.52254739425353,28.30452196538398,-39.60113960113957,-67.97583081570998
2025-07-11 13:12:00,177.95,178.2,176.8,178.2,80.13126466012324,52.69104126303449,-38.461538461538495,-61.497326203208594
2025-07-11 13:13:00,178.7,179.6,177.0,179.0,84.43334615175056,72.36238606870911,-33.714285714285744,-58.64527629233511
2025-07-11 13:14:00,178.9,179.75,177.95,179.75,89.08345393225618,84.54935491471,-20.83333333333334,-55.971479500891256
2025-07-11 13:15:00,179.9,180.3,177.3,177.3,87.70591449669614,87.07423819356762,-27.205882352941103,-64.57960644007152
2025-07-11 13:16:00,177.25,177.4,175.6,177.3,84.21569910065176,87.0016891765347,-24.714828897338393,-59.25925925925921
2025-07-11 13:17:00,177.8,179.25,177.2,178.85,83.46085887032648,85.12749082255813,-11.240310077519506,-52.78350515463922
2025-07-11 13:18:00,178.75,183.0,178.45,182.85,90.56301437335014,86.07985744810946,-0.9615384615384984,-36.28865979381448
2025-07-11 13:19:00,182.0,182.6,181.1,181.8,95.36800170120712,89.79729164829457,-14.814814814814683,-39.87473903966592
2025-07-11 13:20:00,181.6,181.6,178.0,178.0,87.81587476935779,91.24896361463836,-67.56756756756752,-45.21963824289407
2025-07-11 13:21:00,178.0,179.95,176.65,179.95,82.20318831196289,88.46235492750928,-41.21621621621634,-34.97409326424874
2025-07-11 13:22:00,179.55,183.6,179.45,183.05,84.50035648712958,84.83980652281677,-6.874999999999787,-18.911917098445496
2025-07-11 13:23:00,182.2,182.5,181.4,181.95,88.68714661174447,85.130230470279,-20.62500000000007,-24.611398963730593
2025-07-11 13:24:00,181.65,181.9,178.2,180.45,80.2692276436016,84.48557691415856,-39.37500000000007,-32.3834196891192
2025-07-11 13:25:00,179.85,180.5,179.15,180.5,66.52683260967667,78.49440228834094,-44.60431654676258,-31.0526315789474
2025-07-11 13:26:00,180.8,184.0,180.7,183.55,72.22699954053729,73.00768659793853,-6.122448979591687,-14.99999999999997
2025-07-11 13:27:00,183.5,184.55,182.6,183.95,86.25760496607506,75.00381237209636,-7.5949367088610416,-12.894736842105353
2025-07-11 13:28:00,184.05,184.05,181.55,181.85,88.61984204573889,82.36814885078377,-34.17721518987361,-21.89189189189195
2025-07-11 13:29:00,181.25,181.25,176.5,177.8,58.397711840813834,77.75838628420928,-83.85093167701851,-43.783783783783754
2025-07-11 13:30:00,178.55,180.5,178.3,180.35,39.375317062225584,62.130956982926115,-52.1739130434784,-26.210826210826205
2025-07-11 13:31:00,180.1,180.45,176.65,177.1,17.42214168315334,38.39839019539761,-92.54658385093175,-44.72934472934474
2025-07-11 13:32:00,177.75,178.8,177.0,177.75,17.94147917844928,24.912979307942763,-84.47204968944102,-40.85714285714289
2025-07-11 13:33:00,178.35,178.45,176.3,177.1,4.241544560375287,13.201721807326,-90.30303030303052,-43.44023323615169
2025-07-11 13:34:00,177.25,177.45,175.0,175.0,4.241544560375287,8.80818943306665,-100.0,-55.68513119533532
2025-07-11 13:35:00,175.45,178.95,175.45,177.9,14.310626214596752,7.597905111782471,-69.63350785340312,-38.775510204081655
2025-07-11 13:36:00,177.3,178.45,176.6,176.85,23.398992077706563,13.983720950892897,-79.55801104972385,-44.89795918367356
2025-07-11 13:37:00,177.15,178.4,176.7,177.95,38.27114401303996,25.32692076844779,-52.80000000000018,-38.48396501457738
2025-07-11 13:38:00,178.75,181.4,177.75,181.4,54.18887630846957,38.61967079973872,0.0,-32.64248704663216
2025-07-11 13:39:00,181.6,181.6,178.25,178.8,63.178343489125865,51.87945460354515,-42.4242424242422,-60.20942408376956
2025-07-11 13:40:00,178.55,178.55,172.15,172.15,48.306191553792466,55.22447045046266,-100.0,-100.0
2025-07-11 13:41:00,172.3,174.75,170.65,174.65,29.196018651670983,46.89351789819647,-63.47031963470316,-71.22302158273382
2025-07-11 13:42:00,174.5,174.6,172.2,172.85,15.525385817216604,31.00919867422671,-79.90867579908684,-84.17266187050369
2025-07-11 13:43:00,173.3,174.0,171.65,173.5,23.375033039985837,22.698812502957807,-73.97260273972606,-79.49640287769789
2025-07-11 13:44:00,173.5,174.5,173.0,173.1,19.38654399762135,19.4289876182746,-77.62557077625578,-82.37410071942456
2025-07-11 13:45:00,172.85,174.8,171.35,173.25,21.62243946178566,21.461338833130952,-76.25570776255711,-81.29496402877703
2025-07-11 13:46:00,173.25,173.4,172.15,173.15,20.646877207642856,20.551953555683287,-77.16894977168947,-82.01438848920863
2025-07-11 13:47:00,172.85,175.45,172.8,174.2,26.68496933231656,22.984762000581693,-67.5799086757992,-74.4604316546764
2025-07-11 13:48:00,174.25,179.55,174.25,179.25,52.764203055502776,33.365349865154066,-3.370786516854058,-38.12949640287776
2025-07-11 13:49:00,179.55,182.65,179.25,182.1,79.22345142020968,52.89087460267634,-4.583333333333428,-17.625899280575656
2025-07-11 13:50:00,181.2,183.4,180.8,182.6,100.0,77.32921815857082,-6.639004149377682,-14.028776978417383
2025-07-11 13:51:00,181.85,184.4,180.95,182.85,100.0,93.07448380673657,-11.877394636015405,-12.230215827338249
2025-07-11 13:52:00,182.6,184.5,181.9,183.9,100.0,100.0,-4.562737642585506,-4.676258992805795
2025-07-11 13:53:00,183.3,184.15,182.25,183.0,96.6158164752931,98.87193882509769,-11.406844106463874,-11.151079136690726
2025-07-11 13:54:00,182.85,186.0,182.85,184.8,96.6158164752931,97.74387765019542,-8.664259927797755,-7.81758957654716
2025-07-11 13:55:00,184.75,186.05,183.6,186.0,96.6158164752931,96.6158164752931,-0.3773584905661235,-0.3246753246753984
2025-07-11 13:56:00,185.7,186.0,183.0,185.5,97.88124883366818,97.03762726141814,-4.661016949152634,-3.571428571428644
2025-07-11 13:57:00,184.85,184.85,181.5,182.5,84.05773090411586,92.85159873769238,-52.20588235294126,-23.051948051948116
2025-07-11 13:58:00,182.9,188.3,182.85,185.6,78.40139266066625,86.78012413281677,-36.00000000000023,-15.29745042492927
2025-07-11 13:59:00,185.85,187.65,185.85,186.65,77.39459552291366,79.95123969589861,-22.448979591836743,-9.348441926345638
2025-07-11 14:00:00,186.05,186.05,179.25,179.9,63.87968237314826,73.2252235189094,-92.817679558011,-47.592067988668575
2025-07-11 14:01:00,180.55,182.4,180.45,180.85,39.76981867092046,60.34803218899415,-82.32044198895036,-42.20963172804541
2025-07-11 14:02:00,180.95,181.8,180.0,181.8,16.712760554948357,40.12075386633904,-71.82320441988941,-36.82719546742209
2025-07-11 14:03:00,181.55,181.55,177.8,178.75,10.71785830093274,22.400145842267193,-90.95238095238106,-54.10764872521251
2025-07-11 14:04:00,178.95,181.4,178.9,181.35,15.984997385812092,14.471872080564404,-66.19047619047635,-39.37677053824371
2025-07-11 14:05:00,181.15,182.95,180.05,180.05,13.411624991751864,13.371493559498903,-78.57142857142857,-46.74220963172803
2025-07-11 14:06:00,180.0,182.45,180.0,181.55,23.073733318366564,17.490118565310173,-64.28571428571429,-38.24362606232293
2025-07-11 14:07:00,181.05,181.4,178.8,179.0,15.49426727925517,17.326541863124532,-87.81725888324884,-52.69121813031166
2025-07-11 14:08:00,179.9,179.9,176.75,177.05,10.916912760038576,16.494971119220104,-96.77419354838698,-63.73937677053822
2025-07-11 14:09:00,178.0,178.5,175.25,175.3,1.2548044334238793,9.221994824239207,-99.3506493506492,-76.69616519174033
2025-07-11 14:10:00,175.4,175.9,172.45,173.15,2.96059473233375e-16,4.057239064487486,-93.33333333333316,-89.38053097345126
2025-07-11 14:11:00,174.0,177.65,174.0,177.2,11.381393239924208,4.212065891116029,-54.76190476190476,-65.48672566371688
2025-07-11 14:12:00,176.7,190.95,176.1,190.25,44.71472657325754,18.698706604393916,-3.7837837837837225,-3.5714285714285143
2025-07-11 14:13:00,190.5,190.5,177.15,181.85,63.19455880974534,39.7635595409757,-49.18918918918916,-48.40425531914895
2025-07-11 14:14:00,182.2,183.0,180.55,181.0,68.99242619523149,58.96723719274479,-53.783783783783726,-53.783783783783726
2025-07-11 14:15:00,180.9,182.7,180.15,182.45,55.0362852557898,62.40775675358888,-45.945945945945944,-45.945945945945944
2025-07-11 14:16:00,182.8,184.0,182.0,182.15,55.41661983153937,59.81511042752022,-47.56756756756747,-47.56756756756747
2025-07-11 14:17:00,182.25,183.6,179.7,180.3,53.85317853237971,54.76869453990296,-57.56756756756744,-57.56756756756744
2025-07-11 14:18:00,180.65,182.8,180.15,182.4,53.727127550125665,54.33230863801492,-46.216216216216125,-46.216216216216125
2025-07-11 14:19:00,182.0,183.0,179.65,180.15,50.03092874205526,52.53707827485354,-63.71681415929197,-58.37837837837828
2025-07-11 14:20:00,178.75,178.75,171.85,173.1,38.797648843336326,47.518568378505755,-93.45549738219896,-93.45549738219896
2025-07-11 14:21:00,174.65,175.6,173.65,174.75,27.061645077554,38.63007422098186,-84.4504021447721,-84.81675392670154
2025-07-11 14:22:00,174.75,174.9,173.3,174.8,19.510752346481915,28.456682089124076,-75.72016460905337,-84.55497382198944
2025-07-11 14:23:00,174.8,175.95,174.75,175.4,23.983958682593016,23.51878536887631,-70.78189300411515,-81.41361256544495
2025-07-11 14:24:00,175.5,177.05,175.4,175.95,22.985080468831335,22.15993049930209,-66.25514403292188,-78.5340314136126
2025-07-11 14:25:00,175.95,176.3,173.5,175.25,20.39989582830285,22.456311659909066,-71.063829787234,-82.19895287958111
2025-07-11 14:26:00,175.4,177.75,174.05,177.4,32.17019299764622,25.185056431593463,-50.224215246636696,-70.94240837696327
2025-07-11 14:27:00,177.5,177.5,175.5,175.75,38.91759007888201,30.49589296827702,-65.02242152466364,-79.58115183246069
2025-07-11 14:28:00,175.85,176.25,174.0,175.7,46.926209164689546,39.33799741373925,-44.20289855072477,-79.84293193717279
2025-07-11 14:29:00,176.0,176.05,172.75,173.25,28.387072201772455,38.076957148447995,-90.0,-92.6701570680628
2025-07-11 14:30:00,174.4,174.4,172.35,173.8,20.58068751791676,31.964656294792917,-73.14814814814785,-89.79057591623027
2025-07-11 14:31:00,173.45,176.5,173.0,175.55,23.603447848159444,24.190402522616218,-40.740740740740485,-80.6282722513088
2025-07-11 14:32:00,175.85,180.45,175.5,180.2,54.84987521142363,33.01133685916661,-3.086419753086422,-56.28272251308902
2025-07-11 14:33:00,179.8,181.2,178.4,178.85,76.64805449608544,51.70045918522283,-26.553672316384137,-63.35078534031413
2025-07-11 14:34:00,178.5,181.05,178.5,180.55,93.92211778080214,75.14001582943706,-7.34463276836133,-54.45026178010461
2025-07-11 14:35:00,180.9,181.55,179.3,180.35,92.9101032742591,87.8267585170489,-13.043478260869726,-55.49738219895287
2025-07-11 14:36:00,180.35,180.9,179.2,179.45,93.27539967886086,93.36920691130736,-22.826086956521944,-60.209424083769655
2025-07-11 14:37:00,179.85,180.0,177.5,177.85,79.4110576624677,88.53218687186255,-40.217391304347935,-68.58638743455496
2025-07-11 14:38:00,177.9,180.4,177.7,179.7,75.61656438981572,82.76767391038142,-20.108695652174124,-58.90052356020944
2025-07-11 14:39:00,179.9,183.65,179.9,183.3,81.32915020441182,78.78559075223173,-3.2863849765257664,-40.0523560209423
2025-07-11 14:40:00,183.0,184.85,182.3,183.6,95.193492220805,84.04640227167751,-13.36898395721926,-36.997319034852566
2025-07-11 14:41:00,183.6,184.0,182.25,182.75,96.23711659644307,90.91991967388662,-28.571428571428516,-16.15384615384611
2025-07-11 14:42:00,182.65,184.1,180.7,184.1,96.23711659644307,95.88924180456372,-10.20408163265307,-5.769230769230769
2025-07-11 14:43:00,183.8,185.45,182.05,182.5,88.5864780268057,93.68690373989728,-37.10691823899362,-21.69117647058816
2025-07-11 14:44:00,183.0,183.75,181.6,183.35,86.574786473445,90.46612703223126,-26.41509433962261,-15.4411764705882
2025-07-11 14:45:00,183.25,187.5,183.25,186.6,86.574786473445,87.24535032456522,-9.000000000000057,-5.750798722044762
2025-07-11 14:46:00,186.8,187.6,182.25,185.1,84.9154551801683,86.02167604235278,-25.25252525252524,-15.873015873015872
2025-07-11 14:47:00,185.0,187.65,183.7,184.2,75.94186325499054,82.47736830286794,-44.51612903225829,-21.835443037974777
2025-07-11 14:48:00,184.15,185.45,182.6,184.0,59.95247928606885,73.60326590707588,-52.517985611510746,-23.856209150326816
2025-07-11 14:49:00,183.75,184.35,181.25,181.25,37.1865733064585,57.69363861583929,-92.08633093525164,-41.83006535947713
2025-07-11 14:50:00,182.15,183.1,179.5,179.5,18.60140685522051,38.58015314924928,-100.0,-53.267973856209146
2025-07-11 14:51:00,180.2,180.6,177.25,179.5,1.2574574908088985,19.015145884162624,-78.36538461538463,-53.267973856209146
2025-07-11 14:52:00,179.15,180.55,178.4,178.4,1.2138438402568378e-14,6.619621448676475,-88.94230769230765,-60.45751633986924
2025-07-11 14:53:00,179.25,180.95,178.3,178.8,1.915465703324326,1.0576410647110788,-85.09615384615374,-57.84313725490188
2025-07-11 14:54:00,179.65,179.8,177.65,179.5,7.243164924264531,3.0528768758629563,-78.36538461538463,-53.267973856209146
2025-07-11 14:55:00,180.2,184.0,180.2,181.7,22.503950523665257,10.554193717084704,-57.211538461538595,-38.88888888888897
2025-07-11 14:56:00,181.85,183.35,180.15,180.7,31.268896582941824,20.338670676957204,-57.92682926829277,-45.42483660130727
2025-07-11 14:57:00,180.9,182.6,180.1,181.65,40.85390573074971,31.542250945785597,-38.028169014084376,-39.21568627450978
2025-07-11 14:58:00,181.8,183.9,181.65,183.85,49.454513012575184,40.52577177542224,-2.2222222222223063,-25.93856655290109
2025-07-11 14:59:00,183.6,186.25,182.8,184.0,69.27642403384243,53.194947592389106,-25.0,-30.041152263374517
2025-07-11 15:00:00,185.3,186.5,179.25,182.6,77.60990998395049,65.44694901012271,-44.06779661016959,-48.55769230769239
2025-07-11 15:01:00,183.8,183.95,177.9,182.05,73.16100872278908,73.34911424686067,-50.282485875706115,-53.84615384615376
2025-07-11 15:02:00,181.85,181.85,179.6,181.0,54.87481246380241,68.54857705684732,-62.146892655367274,-63.942307692307715
2025-07-11 15:03:00,181.75,181.75,179.1,179.7,35.46481139238694,54.50021085965947,-79.06976744186065,-76.44230769230782
2025-07-11 15:04:00,180.65,181.2,179.45,180.45,25.43255434552442,38.59072606723792,-70.3488372093025,-69.23076923076935
2025-07-11 15:05:00,181.5,183.0,181.05,181.45,29.771490002402448,30.222951913437928,-58.72093023255831,-59.61538461538475
2025-07-11 15:06:00,181.8,181.8,179.85,181.0,37.488789496461855,30.8976112814629,-63.95348837209306,-63.942307692307715
2025-07-11 15:07:00,182.0,182.4,180.4,180.95,38.32641333120289,35.19556427668906,-64.53488372093041,-64.42307692307705
2025-07-11 15:08:00,181.35,181.5,179.3,180.2,25.384480557647652,33.73322779510413,-73.25581395348856,-71.63461538461551
2025-07-11 15:09:00,181.0,181.0,179.1,180.45,19.95692521107713,27.88927303330922,-57.85123966942165,-69.23076923076935
2025-07-11 15:10:00,182.0,182.0,179.35,179.55,9.739066803133824,18.360157523952864,-88.46153846153804,-77.88461538461529
2025-07-11 15:11:00,179.75,180.15,175.55,175.55,6.125937394929575,11.940643136380173,-100.0,-100.0
2025-07-11 15:12:00,175.7,176.85,174.0,174.85,-2.3684757858670005e-15,5.288334732687796,-90.5555555555556,-93.77289377289382
2025-07-11 15:13:00,175.65,176.1,172.95,173.6,-2.3684757858670005e-15,2.041979131643187,-93.53233830845768,-95.57823129251696
2025-07-11 15:14:00,173.65,174.65,170.7,171.7,-2.960594732333751e-15,-5.7238164825119176e-15,-91.45299145299148,-94.10029498525076
2025-07-11 15:15:00,171.8,174.5,171.8,173.65,11.03329235500176,3.6777641183339185,-74.78632478632468,-81.32911392405055
2025-07-11 15:16:00,173.35,176.05,173.35,174.45,26.214756083772173,12.416016146257975,-66.81415929203543,-76.26582278481014
2025-07-11 15:17:00,174.65,175.05,171.65,171.65,33.650410528793465,23.6328196558558,-91.59292035398217,-93.9873417721518
2025-07-11 15:18:00,172.2,172.2,166.0,168.05,22.6171181737917,27.494094928785778,-87.18749999999993,-89.99999999999994
2025-07-11 15:19:00,168.9,168.9,166.9,168.35,9.04565213651427,21.77106027969981,-83.39222614840995,-88.53658536585368
2025-07-11 15:20:00,169.9,172.55,169.9,172.45,22.50419602941454,18.0556554465735,-40.552995391705146,-68.53658536585371
2025-07-11 15:21:00,172.2,174.0,172.2,173.65,49.984817983928394,27.1782220499524,-24.25742574257416,-62.68292682926827
2025-07-11 15:22:00,173.6,173.95,171.7,172.3,71.56452746420136,48.01784715918143,-37.313432835820855,-69.26829268292677
2025-07-11 15:23:00,172.3,173.2,169.5,169.75,69.29999266864515,63.61644603892497,-62.686567164179145,-81.70731707317073
2025-07-11 15:24:00,170.85,172.6,169.3,169.75,61.10739178156348,67.32397063813666,-62.686567164179145,-81.70731707317073
2025-07-11 15:25:00,170.3,170.95,168.25,170.55,61.92692873013158,64.11143772678007,-49.72375690607728,-77.80487804878044
2025-07-11 15:26:00,170.8,171.4,163.0,163.55,47.05461065506481,56.696310388919954,-94.9999999999999,-97.65957446808508
2025-07-11 15:27:00,162.8,167.65,162.8,167.1,49.039894431119926,52.673811272105446,-61.60714285714297,-81.85654008438824
2025-07-11 15:28:00,167.5,168.55,165.55,166.35,44.24676999954568,46.78042502857681,-68.30357142857154,-83.21513002364073
2025-07-11 15:29:00,166.55,167.25,162.1,164.2,54.027065228980945,49.10457655321552,-82.35294117647065,-89.95215311004787
