time,open,high,low,close,Fixed Stop Loss,Supertrend Stop,Take Profit,Up Trend,Down Trend,Entry1,Entry2,SMA 21,EMA,Call Stop Loss,Call Take Profit,Put Stop Loss,Put Take Profit,Call EMA,Put EMA,Call Up Trend,Call Down Trend,Put Up Trend,Put Down Trend,K,D,%R,%R
1751967000,145.9,155.8,145.15,155.8,NaN,NaN,NaN,139.1302726623327,NaN,0,0,137.97625009346285,141.31522939413728,NaN,NaN,NaN,NaN,NaN,NaN,NaN,NaN,NaN,NaN,100,100,0,0
1751967060,157.7,163.65,157.05,157.1,NaN,NaN,NaN,147.78474539609942,NaN,0,0,140.36671883178,144.4721835153098,NaN,NaN,NaN,NaN,NaN,NaN,NaN,NaN,NaN,NaN,100,100,-18.79483500717364,-17.87175989085951
1751967120,157.65,159.4,155.9,158,NaN,NaN,NaN,147.78474539609942,NaN,0,0,142.5708789778075,147.17774681224785,NaN,NaN,NaN,NaN,NaN,NaN,NaN,NaN,NaN,NaN,100,100,-16.916167664670674,-15.41609822646659
1751967180,157.85,162.85,157.8,159.85,NaN,NaN,NaN,147.78474539609942,NaN,0,0,144.73076910558154,149.71219744979828,NaN,NaN,NaN,NaN,NaN,NaN,NaN,NaN,NaN,NaN,100,100,-12.99145299145303,-10.368349249658966
1751967240,160.25,162.35,158.8,162.15,NaN,NaN,NaN,148.13592939375644,NaN,0,0,146.90817296738385,152.19975795983862,NaN,NaN,NaN,NaN,NaN,NaN,NaN,NaN,NaN,NaN,100,100,-5.172413793103448,-4.092769440654842
1751967300,166.4,174,164.85,173.6,NaN,NaN,NaN,154.67483645438082,NaN,0,0,150.24465134646087,156.4798063678709,NaN,NaN,NaN,NaN,NaN,NaN,NaN,NaN,NaN,NaN,100,100,-1.0165184243964567,-0.8510638297872462
1751967360,174.2,189.15,172.4,185.55,NaN,NaN,NaN,162.47485280894273,NaN,0,0,154.65781992815326,162.29384509429673,NaN,NaN,NaN,NaN,NaN,NaN,NaN,NaN,NaN,NaN,100,100,-7.01754385964911,-5.792437650844721
1751967420,187.6,190,184.65,184.65,NaN,NaN,NaN,169.24986752804847,NaN,0,0,158.40684243713412,166.76507607543738,NaN,NaN,NaN,NaN,NaN,NaN,NaN,NaN,NaN,NaN,98.05594107404329,99.35198035801443,-11.065149948293682,-8.492063492063483
1751967480,185.45,185.45,172.2,175.7,NaN,NaN,NaN,169.24986752804847,NaN,0,0,160.56848713249235,168.5520608603499,NaN,NaN,NaN,NaN,NaN,NaN,NaN,NaN,NaN,NaN,77.07534865797642,91.71042991067323,-31.88405797101452,-22.698412698412717
1751967540,176.75,183.05,176.75,180.55,NaN,NaN,NaN,169.24986752804847,NaN,0,0,163.06617624093082,170.95164868827993,NaN,NaN,NaN,NaN,NaN,NaN,NaN,NaN,NaN,NaN,58.44105251461465,77.85744741554478,-27.712609970674457,-14.999999999999982
1751967600,181.1,181.7,175.3,175.3,NaN,NaN,NaN,169.24986752804847,NaN,0,0,164.59540421081448,171.82131895062395,NaN,NaN,NaN,NaN,NaN,NaN,NaN,NaN,NaN,NaN,27.487950295133604,54.334783822574884,-43.10850439882695,-23.333333333333314
1751967660,177.65,187,175.45,185.75,NaN,NaN,NaN,169.24986752804847,NaN,0,0,167.23972868446268,174.60705516049916,NaN,NaN,NaN,NaN,NaN,NaN,NaN,NaN,NaN,NaN,22.28827172852016,36.07242484608947,-13.19875776397516,-6.746031746031746
1751967720,186.45,189.25,185.2,187,NaN,NaN,NaN,169.24986752804847,NaN,0,0,169.70976259890483,177.08564412839934,NaN,NaN,NaN,NaN,NaN,NaN,NaN,NaN,NaN,NaN,15.486143062007363,21.754121695220373,-9.615384615384619,-4.761904761904762
1751967780,186.8,195.85,186.6,194.05,NaN,NaN,NaN,169.7139552739736,NaN,0,0,172.75229227404174,180.47851530271947,NaN,NaN,NaN,NaN,NaN,NaN,NaN,NaN,NaN,NaN,26.844769928291143,21.53972823960622,-5.806451612903171,-2.641232575201736
1751967840,197,197.55,190.1,190.7,NaN,NaN,NaN,172.23005974657622,NaN,0,0,174.99575573978652,182.52281224217558,NaN,NaN,NaN,NaN,NaN,NaN,NaN,NaN,NaN,NaN,25.198844461312405,22.50991915053697,-27.02169625246555,-9.963636363636397
1751967900,189.55,195.15,187.05,193.85,NaN,NaN,NaN,172.23005974657622,NaN,0,0,177.35253627231322,184.78824979374045,NaN,NaN,NaN,NaN,NaN,NaN,NaN,NaN,NaN,NaN,24.740445933277368,25.594686774293635,-14.595660749506958,-5.381818181818207
1751967960,194.4,194.6,181.9,183.8,NaN,NaN,NaN,172.23005974657622,NaN,0,0,178.15846923827405,184.59059983499236,NaN,NaN,NaN,NaN,NaN,NaN,NaN,NaN,NaN,NaN,12.945646879098001,20.96164575789592,-54.24063116370804,-20
1751968020,183.9,190.3,183.9,190.3,NaN,NaN,NaN,172.23005974657622,NaN,0,0,179.6761605834898,185.7324798679939,NaN,NaN,NaN,NaN,NaN,NaN,NaN,NaN,NaN,NaN,11.326853685513306,16.337648832629558,-32.58426966292135,-10.545454545454545
1751968080,189.75,191.05,188.5,190,NaN,NaN,NaN,172.23005974657622,NaN,0,0,180.9666405105536,186.58598389439513,NaN,NaN,NaN,NaN,NaN,NaN,NaN,NaN,NaN,NaN,7.415445497985497,10.562648687532269,-33.932584269662975,-10.981818181818198
1751968140,190.3,190.75,181.65,181.65,NaN,NaN,NaN,172.23005974657622,NaN,0,0,181.0520604467344,185.5987871155161,NaN,NaN,NaN,NaN,NaN,NaN,NaN,NaN,NaN,NaN,7.415445497985497,8.719248227161433,-71.945701357466,-23.127272727272732
1751968200,181.5,187,181.5,186.75,NaN,NaN,NaN,172.23005974657622,NaN,0,0,181.7643028908926,185.8290296924129,NaN,NaN,NaN,NaN,NaN,NaN,NaN,NaN,NaN,NaN,6.675125527110368,7.168672174360453,-67.28971962616825,-15.709090909090925
1751968260,186.65,186.8,184.05,185,NaN,NaN,NaN,172.23005974657622,NaN,0,0,182.16876502953102,185.6632237539303,NaN,NaN,NaN,NaN,NaN,NaN,NaN,NaN,NaN,NaN,5.56553878581673,6.552036603637531,-78.1931464174455,-18.647845468053507
1751968320,185.2,185.3,182.65,182.65,NaN,NaN,NaN,172.23005974657622,NaN,0,0,182.22891940083963,185.06057900314426,NaN,NaN,NaN,NaN,NaN,NaN,NaN,NaN,NaN,NaN,5.565538785816731,5.935401032914609,-92.83489096573204,-23.59461599366588
1751968380,182.6,186.5,181.1,186.3,NaN,NaN,NaN,172.23005974657622,NaN,0,0,182.73780447573466,185.3084632025154,NaN,NaN,NaN,NaN,NaN,NaN,NaN,NaN,NaN,NaN,6.43445784017483,5.855178470602763,-62.98932384341628,-17.885532591414943
1751968440,186,186.45,183.6,186.15,NaN,NaN,NaN,172.23005974657622,NaN,0,0,183.16432891626783,185.47677056201232,NaN,NaN,NaN,NaN,NaN,NaN,NaN,NaN,NaN,NaN,7.780225967719352,6.59340753123697,-62.59259259259251,-18.124006359300484
1751968500,185.35,188.45,184.55,188,NaN,NaN,NaN,172.23005974657622,NaN,0,0,183.76878780173436,185.98141644960987,NaN,NaN,NaN,NaN,NaN,NaN,NaN,NaN,NaN,NaN,13.687607591424984,9.300763799773055,-30.653266331658354,-15.99664991624792
1751968560,188,188,185,186.8,NaN,NaN,NaN,172.23005974657622,NaN,0,0,184.14768932651756,186.1451331596879,NaN,NaN,NaN,NaN,NaN,NaN,NaN,NaN,NaN,NaN,13.314638179981571,11.594157246375302,-42.7135678391959,-19.23076923076923
1751968620,187,187.8,184.25,184.95,NaN,NaN,NaN,172.23005974657622,NaN,0,0,184.24797816070287,185.90610652775032,NaN,NaN,NaN,NaN,NaN,NaN,NaN,NaN,NaN,NaN,9.682869873696466,12.228371881701007,-60.10362694300527,-24.045801526717597
1751968680,184.8,185.4,184.15,184.5,NaN,NaN,NaN,172.23005974657622,NaN,0,0,184.27948089061502,185.62488522220025,NaN,NaN,NaN,NaN,NaN,NaN,NaN,NaN,NaN,NaN,3.775488249990836,8.924332101222957,-53.741496598639344,-31.332533013205307
1751968740,184.95,186,183.6,185.6,NaN,NaN,NaN,172.23005974657622,NaN,0,0,184.44454577928815,185.6199081777602,NaN,NaN,NaN,NaN,NaN,NaN,NaN,NaN,NaN,NaN,3.5962569739642682,5.684871699217189,-38.775510204081584,-28.691476590636295
1752032700,184.6,184.65,154,154.6,NaN,NaN,NaN,NaN,191.22281672398617,0,0,180.71397755687713,179.41592654220815,NaN,NaN,NaN,NaN,NaN,NaN,NaN,NaN,NaN,NaN,3.464742086102575,3.612162436685892,-98.25834542815677,-98.62227324913894
1752032760,152.7,153.8,143.7,145.95,NaN,NaN,NaN,NaN,171.72803505158757,0,0,176.3684803622675,172.72274123376653,NaN,NaN,NaN,NaN,NaN,NaN,NaN,NaN,NaN,NaN,3.464742086102575,3.5085803820564716,-94.97206703910615,-95.8217270194986
1752032820,145,149.7,141.65,143.75,NaN,NaN,NaN,NaN,168.77023154642882,0,0,172.29117031698405,166.92819298701323,NaN,NaN,NaN,NaN,NaN,NaN,NaN,NaN,NaN,NaN,-8.289665250534503e-15,2.3098280574017127,-95.51282051282053,-96.24329159212881
1752032880,143.55,151.2,143.45,147,NaN,NaN,NaN,NaN,168.77023154642882,0,0,169.12977402736104,162.9425543896106,NaN,NaN,NaN,NaN,NaN,NaN,NaN,NaN,NaN,NaN,3.3034253243060085,2.256055803469525,-88.56837606837608,-90.42933810375672
1752032940,144.45,145.35,141.3,142.65,NaN,NaN,NaN,NaN,165.83463755260732,0,0,165.81980227394092,158.88404351168847,NaN,NaN,NaN,NaN,NaN,NaN,NaN,NaN,NaN,NaN,4.6333845370286975,2.6456032871115656,-97.10920770877945,-97.60000000000002
1752033000,144.1,146.95,135.55,146.7,NaN,NaN,NaN,NaN,164.9286737973466,0,0,163.4298269896983,156.4472348093508,NaN,NaN,NaN,NaN,NaN,NaN,NaN,NaN,NaN,NaN,10.132156028770096,6.022988630034934,-78.66028708133975,-82.01612903225809
1752033060,145.35,151.9,144.95,147.8,NaN,NaN,NaN,NaN,164.9286737973466,0,0,161.47609861598602,154.71778784748062,NaN,NaN,NaN,NaN,NaN,NaN,NaN,NaN,NaN,NaN,13.45551520315788,9.407018589652225,-75.7185332011893,-80.24193548387096
1752033120,147.05,149.9,137.6,138.4,NaN,NaN,NaN,NaN,164.9286737973466,0,0,158.59158628898777,151.4542302779845,NaN,NaN,NaN,NaN,NaN,NaN,NaN,NaN,NaN,NaN,13.985602873988524,12.524424701972166,-94.35084241823589,-95.40322580645163
1752033180,139.65,141.25,133.05,135.1,NaN,NaN,NaN,NaN,161.88160319826568,0,0,155.6551380028643,148.1833842223876,NaN,NaN,NaN,NaN,NaN,NaN,NaN,NaN,NaN,NaN,8.86364833557075,12.101588804239052,-96.02713178294576,-96.82170542635662
1752033240,134.25,137.4,133.85,136.75,NaN,NaN,NaN,NaN,158.9484428784391,0,0,153.29199575250627,145.89670737791008,NaN,NaN,NaN,NaN,NaN,NaN,NaN,NaN,NaN,NaN,4.539886578099526,9.129712595886266,-82.16867469879523,-94.26356589147288
1752033300,137.25,142,136.25,140.25,NaN,NaN,NaN,NaN,158.9484428784391,0,0,151.661746283443,144.76736590232807,NaN,NaN,NaN,NaN,NaN,NaN,NaN,NaN,NaN,NaN,9.369804172403201,7.591113028691159,-61.8037135278515,-88.83720930232559
1752033360,139.4,139.5,131.15,134.7,NaN,NaN,NaN,NaN,158.49948873153568,0,0,149.5415279980126,142.75389272186246,NaN,NaN,NaN,NaN,NaN,NaN,NaN,NaN,NaN,NaN,12.381513979090542,8.763734909864423,-82.89156626506033,-94.65361445783134
1752033420,134.55,135.45,132.55,134.2,NaN,NaN,NaN,NaN,155.7270398583821,0,0,147.62383699826103,141.04311417748997,NaN,NaN,NaN,NaN,NaN,NaN,NaN,NaN,NaN,NaN,13.176631091721058,11.642649747738266,-85.3012048192772,-95.23437500000003
1752033480,134.35,135.1,128,131.35,NaN,NaN,NaN,NaN,153.2343358725439,0,0,145.5896073734784,139.10449134199197,NaN,NaN,NaN,NaN,NaN,NaN,NaN,NaN,NaN,NaN,12.918539585478719,12.825561552096772,-85.98326359832637,-94.96996996996998
1752033540,132.4,134.75,130.05,133.35,NaN,NaN,NaN,NaN,153.2343358725439,0,0,144.05965645179361,137.95359307359357,NaN,NaN,NaN,NaN,NaN,NaN,NaN,NaN,NaN,NaN,28.485420277541905,18.193530318247227,-77.61506276150631,-91.51467089611421
1752033600,134.05,134.95,128.5,129.05,NaN,NaN,NaN,NaN,152.49331205676054,0,0,142.18344939531943,136.17287445887484,NaN,NaN,NaN,NaN,NaN,NaN,NaN,NaN,NaN,NaN,32.04209938452239,24.482019749181006,-95.20547945205475,-98.33465503568594
1752033660,127.7,137.6,126.65,137.6,NaN,NaN,NaN,NaN,152.49331205676054,0,0,141.6105182209045,136.45829956709989,NaN,NaN,NaN,NaN,NaN,NaN,NaN,NaN,NaN,NaN,58.94355974624104,39.82369313610178,-28.664495114006563,-82.91731669266773
1752033720,137.95,141.35,130.75,132.9,NaN,NaN,NaN,NaN,152.49331205676054,0,0,140.52170344329144,135.74663965367992,NaN,NaN,NaN,NaN,NaN,NaN,NaN,NaN,NaN,NaN,63.95152671642248,51.645728615728636,-59.283387622149824,-89.88673139158576
1752033780,133.95,134.05,129.95,131,NaN,NaN,NaN,NaN,152.49331205676054,0,0,139.33149051288,134.79731172294393,NaN,NaN,NaN,NaN,NaN,NaN,NaN,NaN,NaN,NaN,77.61152461627299,66.83553702631217,-71.66123778501631,-92.9611650485437
1752033840,131.25,139.25,131.25,138.95,NaN,NaN,NaN,NaN,152.49331205676054,0,0,139.28380419877,135.62784937835514,NaN,NaN,NaN,NaN,NaN,NaN,NaN,NaN,NaN,NaN,77.611524616273,73.0581919829895,-16.326530612244948,-80.0970873786408
1752033900,138.1,144.75,137.25,138,NaN,NaN,NaN,NaN,152.49331205676054,0,0,139.12332867392377,136.1022795026841,NaN,NaN,NaN,NaN,NaN,NaN,NaN,NaN,NaN,NaN,85.40173800594322,80.20826241282974,-37.29281767955802,-81.63430420711975
1752033960,138.85,143.45,137.9,141.5,NaN,NaN,NaN,NaN,152.49331205676054,1,0,139.42041258968328,137.1818236021473,NaN,NaN,NaN,NaN,NaN,NaN,NaN,NaN,NaN,NaN,98.42025447859247,87.14450570026956,-17.95580110497238,-75.97087378640778
1752034020,140.8,142.05,138.3,138.3,133.01,NaN,153.5,NaN,152.49331205676054,0,0,139.28036101597286,137.40545888171783,NaN,NaN,NaN,NaN,NaN,NaN,NaN,NaN,NaN,NaN,93.23832358754737,92.35343869069435,-35.635359116022045,-81.14886731391584
1752034080,138.2,140.8,135.15,138.8,133.01,NaN,153.5,NaN,152.49331205676054,0,0,139.22031588897624,137.68436710537426,NaN,NaN,NaN,NaN,NaN,NaN,NaN,NaN,NaN,NaN,90.68859685672051,94.11572497428678,-32.872928176795526,-80.19559902200488
1752034140,138.05,141,136.8,137.55,133.01,NaN,153.5,NaN,152.49331205676054,0,0,139.0115264028542,137.65749368429942,NaN,NaN,NaN,NaN,NaN,NaN,NaN,NaN,NaN,NaN,84.38989302033168,89.4389378215332,-39.77900552486183,-82.1749795584628
1752034200,137.4,138.5,131.6,134.45,NaN,NaN,NaN,NaN,152.49331205676054,0,0,138.44133560249742,137.01599494743954,NaN,NaN,NaN,NaN,NaN,NaN,NaN,NaN,NaN,NaN,77.96430296409126,84.34759761371448,-69.59459459459462,-86.85762426284754
1752034260,133.7,135.9,132.6,133,NaN,NaN,NaN,NaN,152.49331205676054,0,0,137.76116865218523,136.21279595795164,NaN,NaN,NaN,NaN,NaN,NaN,NaN,NaN,NaN,NaN,68.04957837558057,76.80125812000118,-79.39189189189183,-89.30075821398485
1752034320,133,133.9,129.1,131.6,NaN,NaN,NaN,NaN,149.71083158157728,0,0,136.99102257066207,135.29023676636132,NaN,NaN,NaN,NaN,NaN,NaN,NaN,NaN,NaN,NaN,57.87561154766618,67.96316429577934,-84.02555910543131,-91.46551724137933
1752034380,132.4,132.9,130.05,131.6,NaN,NaN,NaN,NaN,148.7197484234196,0,0,136.31714474932932,134.55218941308905,NaN,NaN,NaN,NaN,NaN,NaN,NaN,NaN,NaN,NaN,53.010461830648495,59.64521725129841,-84.02555910543131,-81.76795580110502
1752034440,131.8,133.2,130.05,130.7,NaN,NaN,NaN,NaN,148.0902735810776,0,0,135.61500165566315,133.78175153047124,NaN,NaN,NaN,NaN,NaN,NaN,NaN,NaN,NaN,NaN,39.56426636020775,50.150113246174136,-88.85017421602791,-83.96039603960403
1752034500,130.85,134.4,128.1,134,NaN,NaN,NaN,NaN,147.95874622296984,1,0,135.41312644870527,133.825401224377,NaN,NaN,NaN,NaN,NaN,NaN,NaN,NaN,NaN,NaN,43.85689193937603,45.47720671007741,-57.70609318996417,-70.8910891089109
1752034560,133.15,137.2,132.7,134.85,125.96,NaN,146,NaN,147.95874622296984,0,0,135.3427356426171,134.0303209795016,NaN,NaN,NaN,NaN,NaN,NaN,NaN,NaN,NaN,NaN,51.9743001022382,45.13181946727398,-47.67441860465119,-67.52475247524757
1752034620,135,136.65,130.35,132.05,125.96,NaN,146,NaN,147.95874622296984,0,0,134.93114368728996,133.63425678360127,NaN,NaN,NaN,NaN,NaN,NaN,NaN,NaN,NaN,NaN,57.81545620822258,51.215549416612255,-69.3798449612402,-78.6138613861386
1752034680,132.05,136.35,131.7,135.4,125.96,NaN,146,NaN,147.95874622296984,0,0,134.9897507263787,133.98740542688103,NaN,NaN,NaN,NaN,NaN,NaN,NaN,NaN,NaN,NaN,66.96133376414745,58.9170300248694,-29.807692307692236,-65.34653465346534
1752034740,135.9,136.95,134.2,136.25,125.96,NaN,146,NaN,147.95874622296984,0,0,135.14728188558138,134.43992434150482,NaN,NaN,NaN,NaN,NaN,NaN,NaN,NaN,NaN,NaN,75.31659626558849,66.69779541265282,-10.43956043956032,-58.70967741935486
1752034800,136.5,137.7,134.85,137.55,125.96,NaN,146,NaN,147.95874622296984,0,0,135.4476216498837,135.06193947320386,NaN,NaN,NaN,NaN,NaN,NaN,NaN,NaN,NaN,NaN,96.96583247078995,79.74792083350862,-1.562499999999764,-39.77900552486183
1752034860,136.85,137.55,133.6,134.55,125.96,NaN,146,NaN,147.95874622296984,0,0,135.33541894364825,134.9595515785631,NaN,NaN,NaN,NaN,NaN,NaN,NaN,NaN,NaN,NaN,88.31935159196263,86.867260109447,-32.81249999999978,-56.35359116022095
1752034920,135.45,138.6,133.65,138,125.96,NaN,146,NaN,147.95874622296984,0,0,135.66849157569223,135.5676412628505,NaN,NaN,NaN,NaN,NaN,NaN,NaN,NaN,NaN,NaN,88.31935159196263,91.20151188490506,-5.71428571428566,-37.29281767955802
1752034980,138.5,142.25,137.45,141.1,125.96,NaN,146,NaN,147.95874622296984,0,0,136.3474301287307,136.6741130102804,NaN,NaN,NaN,NaN,NaN,NaN,NaN,NaN,NaN,NaN,88.31935159196263,88.31935159196262,-8.127208480565407,-20.165745856353627
1752035040,141.7,142.7,136.7,136.7,125.96,NaN,146,NaN,147.95874622296984,0,0,136.39150136263936,136.67929040822432,NaN,NaN,NaN,NaN,NaN,NaN,NaN,NaN,NaN,NaN,87.9766742451598,88.205125809695,-48.582995951417026,-44.47513812154704
1752035100,137.3,140.7,136.8,139.7,125.96,NaN,146,NaN,147.95874622296984,0,0,136.80506369230943,137.28343232657946,NaN,NaN,NaN,NaN,NaN,NaN,NaN,NaN,NaN,NaN,83.87933884541737,86.7251215608466,-24.291497975708513,-27.900552486187916
1752035160,139.8,147.95,139.5,147.05,NaN,NaN,NaN,NaN,147.95874622296984,0,0,138.08568073077075,139.23674586126356,NaN,NaN,NaN,NaN,NaN,NaN,NaN,NaN,NaN,NaN,83.87933884541737,85.24511731199817,-5.538461538461399,-4.225352112675953
1752035220,147.95,153.65,147.9,149.7,NaN,NaN,NaN,134.67165987765247,NaN,0,0,139.5374706394244,141.32939668901085,NaN,NaN,NaN,NaN,NaN,NaN,NaN,NaN,NaN,NaN,95.90266460025758,87.88711409703076,-19.700748129675883,-14.629629629629692
1752035280,150.7,157.15,150.7,155.55,NaN,NaN,NaN,137.1969938898872,NaN,0,0,141.53903680949637,144.1735173512087,NaN,NaN,NaN,NaN,NaN,NaN,NaN,NaN,NaN,NaN,100,93.26066781522496,-6.7940552016984865,-5.245901639344243
1752035340,155.25,160.3,153.8,156.55,NaN,NaN,NaN,140.0447945008985,NaN,0,0,143.41540720830932,146.64881388096694,NaN,NaN,NaN,NaN,NaN,NaN,NaN,NaN,NaN,NaN,100,98.63422153341918,-14.04494382022471,-11.645962732919248
1752035400,156.35,159.7,153,153.5,NaN,NaN,NaN,140.0447945008985,NaN,0,0,144.67598130727066,148.01905110477355,NaN,NaN,NaN,NaN,NaN,NaN,NaN,NaN,NaN,NaN,94.28333321199331,98.09444440399777,-25.515947467167017,-21.118012422360273
1752035460,154.1,154.9,150.9,153.4,NaN,NaN,NaN,140.0447945008985,NaN,0,0,145.76648364386182,149.09524088381883,NaN,NaN,NaN,NaN,NaN,NaN,NaN,NaN,NaN,NaN,87.30870776379258,93.86401365859528,-29.237288135593218,-21.428571428571434
1752035520,154.5,155,151,152.05,NaN,NaN,NaN,140.0447945008985,NaN,0,0,146.55192318837908,149.68619270705506,NaN,NaN,NaN,NaN,NaN,NaN,NaN,NaN,NaN,NaN,77.23202907772783,86.27469001783788,-34.957627118644034,-25.621118012422347
1752035580,151.75,156.45,151.75,155.5,NaN,NaN,NaN,140.0447945008985,NaN,0,0,147.6704327898317,150.84895416564405,NaN,NaN,NaN,NaN,NaN,NaN,NaN,NaN,NaN,NaN,77.7570990489536,80.76594529682465,-20.425531914893664,-14.906832298136674
1752035640,155.2,155.95,149.25,149.6,NaN,NaN,NaN,140.0447945008985,NaN,0,0,147.91162869110272,150.59916333251525,NaN,NaN,NaN,NaN,NaN,NaN,NaN,NaN,NaN,NaN,66.88694795579296,73.95869202749144,-51.44230769230775,-33.229813664596314
1752035700,149.6,152.95,149.6,152.15,NaN,NaN,NaN,140.0447945008985,NaN,0,0,148.44142510471488,150.9093306660122,NaN,NaN,NaN,NaN,NaN,NaN,NaN,NaN,NaN,NaN,60.71315825012615,68.45240175162421,-65.72580645161293,-25.310559006211186
1752035760,152.35,155.7,152.35,154.6,NaN,NaN,NaN,140.0447945008985,NaN,0,0,149.2112469666255,151.64746453280978,NaN,NaN,NaN,NaN,NaN,NaN,NaN,NaN,NaN,NaN,53.76893682193944,60.45634767595283,-51.58371040723992,-17.70186335403731
1752035820,154,154.7,149.8,152.9,NaN,NaN,NaN,140.0447945008985,NaN,0,0,149.67234109579732,151.89797162624782,NaN,NaN,NaN,NaN,NaN,NaN,NaN,NaN,NaN,NaN,55.241264937325816,56.57445333646378,-66.9683257918552,-22.981366459627335
1752035880,153.15,157.15,152.2,157.15,NaN,NaN,NaN,140.0447945008985,NaN,0,0,150.60704845882265,152.94837730099826,NaN,NaN,NaN,NaN,NaN,NaN,NaN,NaN,NaN,NaN,59.9902037757109,56.3334685116587,-24.40191387559795,-9.782608695652186
1752035940,157.8,158.4,155.45,156.65,NaN,NaN,NaN,142.34223714810335,NaN,0,0,151.36241740146983,153.68870184079861,NaN,NaN,NaN,NaN,NaN,NaN,NaN,NaN,NaN,NaN,55.17490053539475,56.802123082810475,-19.125683060109278,-11.335403726708087
1752036000,157,169.95,155,167.2,NaN,NaN,NaN,144.86551343329302,NaN,0,0,153.3421152262861,156.39096147263888,NaN,NaN,NaN,NaN,NaN,NaN,NaN,NaN,NaN,NaN,71.54734896136976,62.23748442415845,-13.28502415458938,-6.5710872162485074
1752036060,167.5,173.7,164.15,164.15,NaN,NaN,NaN,150.21146208996373,NaN,0,0,154.69310082300035,157.9427691781111,NaN,NaN,NaN,NaN,NaN,NaN,NaN,NaN,NaN,NaN,72.73165877562123,66.48463609079523,-39.05930470347643,-20.942982456140317
1752036120,163.6,169.45,161.95,166.8,NaN,NaN,NaN,150.21146208996373,NaN,0,0,156.2064632201253,159.71421534248887,NaN,NaN,NaN,NaN,NaN,NaN,NaN,NaN,NaN,NaN,83.85995350632373,76.04632041443823,-28.22085889570544,-15.131578947368373
1752036180,166.9,171.9,166.9,170,NaN,NaN,NaN,150.6870342928706,NaN,0,0,157.93065531760965,161.7713722739911,NaN,NaN,NaN,NaN,NaN,NaN,NaN,NaN,NaN,NaN,83.16525603142667,79.9189561044572,-15.35269709543564,-8.535178777393286
1752036240,169.8,172.9,169.6,170.7,NaN,NaN,NaN,153.41833086358355,NaN,0,0,159.52682340290843,163.55709781919288,NaN,NaN,NaN,NaN,NaN,NaN,NaN,NaN,NaN,NaN,93.48247577052166,86.83589510275733,-12.552301255230137,-6.920415224913496
1752036300,170.35,179.5,170.35,174.75,NaN,NaN,NaN,156.1314977772252,NaN,0,0,161.4297204775449,165.7956782553543,NaN,NaN,NaN,NaN,NaN,NaN,NaN,NaN,NaN,NaN,99.30530252510293,91.98434477568372,-15.993265993266,-9.937238493723846
1752036360,175.7,177.2,165.8,168.5,NaN,NaN,NaN,156.1314977772252,NaN,0,0,162.3135054178518,166.33654260428344,NaN,NaN,NaN,NaN,NaN,NaN,NaN,NaN,NaN,NaN,81.84259550642544,91.54345793401664,-40.29304029304028,-23.965141612200433
1752036420,167.45,174.75,165.8,174.75,NaN,NaN,NaN,156.1314977772252,NaN,0,0,163.86806724062032,168.01923408342674,NaN,NaN,NaN,NaN,NaN,NaN,NaN,NaN,NaN,NaN,72.3105272647411,84.48614176542313,-19.387755102040817,-10.348583877995642
1752036480,174.5,174.5,170,172.3,NaN,NaN,NaN,156.1314977772252,NaN,0,0,164.92205883554277,168.8753872667414,NaN,NaN,NaN,NaN,NaN,NaN,NaN,NaN,NaN,NaN,53.61518015289983,69.25610097468876,-29.38775510204077,-15.686274509803894
1752036540,171.75,177.45,171.75,175.75,NaN,NaN,NaN,156.1314977772252,NaN,0,0,166.2755514810999,170.25030981339313,NaN,NaN,NaN,NaN,NaN,NaN,NaN,NaN,NaN,NaN,58.62034841168793,61.515351943109586,-21.367521367521352,-8.178844056706653
1752036600,176.15,178.8,175.25,178.15,NaN,NaN,NaN,157.9681478724737,NaN,0,0,167.75985754596243,171.8302478507145,NaN,NaN,NaN,NaN,NaN,NaN,NaN,NaN,NaN,NaN,58.669063335191744,56.968197299926466,-7.692307692307655,-3.1542056074766216
1752036660,177.45,178.8,175.6,175.95,NaN,NaN,NaN,159.08883308522633,NaN,0,0,168.78362535271714,172.6541982805716,NaN,NaN,NaN,NaN,NaN,NaN,NaN,NaN,NaN,NaN,55.69669967197413,57.662037139617915,-25.912408759124194,-8.294392523364511
1752036720,174.4,176,172.1,175.3,NaN,NaN,NaN,159.08883308522633,NaN,0,0,169.5981721836275,173.18335862445727,NaN,NaN,NaN,NaN,NaN,NaN,NaN,NaN,NaN,NaN,44.39370393555717,52.91982231424098,-30.656934306569287,-9.836065573770467
1752036780,175.05,177.3,173.95,176.05,NaN,NaN,NaN,159.08883308522633,NaN,0,0,170.40465066067406,173.7566868995658,NaN,NaN,NaN,NaN,NaN,NaN,NaN,NaN,NaN,NaN,26.697173761876538,42.26252578980259,-25.182481751824756,-8.624999999999972
1752036840,175.45,176.4,173.3,174.5,NaN,NaN,NaN,159.08883308522633,NaN,0,0,170.9165693280898,173.90534951965265,NaN,NaN,NaN,NaN,NaN,NaN,NaN,NaN,NaN,NaN,15.031551203602083,28.707476300345235,-33.076923076923165,-15.822784810126585
1752036900,174.9,180.55,174.2,180.55,NaN,NaN,NaN,161.083283387217,NaN,0,0,172.12074816207857,175.23427961572213,NaN,NaN,NaN,NaN,NaN,NaN,NaN,NaN,NaN,NaN,22.99055120767405,21.573092057717556,0,0
1752036960,180.2,180.2,172.85,174.45,NaN,NaN,NaN,161.083283387217,NaN,0,0,172.41190464181875,175.0774236925777,NaN,NaN,NaN,NaN,NaN,NaN,NaN,NaN,NaN,NaN,16.83710136620188,18.286401259159334,-57.819905213270296,-19.488817891373866
1752037020,175.35,177,173.6,175.25,NaN,NaN,NaN,161.083283387217,NaN,0,0,172.76666656159142,175.11193895406217,NaN,NaN,NaN,NaN,NaN,NaN,NaN,NaN,NaN,NaN,18.619033214213676,19.482228596029863,-60.227272727272776,-16.932907348242843
1752037080,175,175.1,168.35,168.4,NaN,NaN,NaN,161.083283387217,NaN,0,0,172.22083324139248,173.76955116324973,NaN,NaN,NaN,NaN,NaN,NaN,NaN,NaN,NaN,NaN,1.781931848011806,12.412688809475782,-99.59016393442613,-38.81789137380192
1752037140,169.8,171.7,165.1,165.1,NaN,NaN,NaN,161.083283387217,NaN,0,0,171.3307290862184,172.03564093059978,NaN,NaN,NaN,NaN,NaN,NaN,NaN,NaN,NaN,NaN,1.781931848011805,7.394298970079092,-100.00000000000001,-49.36102236421729
1752037200,165.4,171.3,164.2,170.55,NaN,NaN,NaN,161.083283387217,NaN,0,0,171.23313795044112,171.73851274447983,NaN,NaN,NaN,NaN,NaN,NaN,NaN,NaN,NaN,NaN,9.106704016887274,4.223522570970292,-61.16207951070328,-31.948881789137367
1752037260,171.2,172.4,168.9,170.4,NaN,NaN,NaN,161.083283387217,NaN,0,0,171.12899570663598,171.47081019558388,NaN,NaN,NaN,NaN,NaN,NaN,NaN,NaN,NaN,NaN,17.94021272961041,9.609616198169824,-62.079510703363866,-32.42811501597445
1752037320,170.4,171.7,167,167.6,NaN,NaN,NaN,161.083283387217,NaN,0,0,170.6878712433065,170.6966481564671,NaN,NaN,NaN,NaN,NaN,NaN,NaN,NaN,NaN,NaN,21.63480564306001,16.227240796519226,-79.20489296636086,-41.84168012924075
1752037380,168.1,168.65,165.05,166.3,NaN,NaN,NaN,161.083283387217,NaN,0,0,170.13938733789317,169.81731852517368,NaN,NaN,NaN,NaN,NaN,NaN,NaN,NaN,NaN,NaN,13.88222573869904,17.81908137045648,-87.15596330275217,-46.34146341463415
1752037440,166.1,171.3,165.7,170.6,NaN,NaN,NaN,161.083283387217,NaN,0,0,170.19696392065651,169.97385482013894,NaN,NaN,NaN,NaN,NaN,NaN,NaN,NaN,NaN,NaN,14.588112360083448,16.701714580614162,-59.999999999999964,-32.35772357723583
1752037500,169.45,171.25,168.95,171,NaN,NaN,NaN,161.083283387217,NaN,0,1,170.29734343057444,170.17908385611116,NaN,NaN,NaN,NaN,NaN,NaN,NaN,NaN,NaN,NaN,21.16235681738131,16.544231638721268,-46.87499999999996,-33.68606701940037
1752037560,171.45,171.45,169,169.8,NaN,161.083283387217,183,161.083283387217,NaN,0,0,170.23517550175265,170.10326708488893,NaN,NaN,NaN,NaN,NaN,NaN,NaN,NaN,NaN,NaN,27.443652762861092,21.06470731344195,-48.62385321100899,-42.074363992172195
1752037620,170.45,170.45,167.6,168.95,NaN,161.083283387217,183,161.083283387217,NaN,0,0,170.07452856403356,169.87261366791114,NaN,NaN,NaN,NaN,NaN,NaN,NaN,NaN,NaN,NaN,23.633913616301836,24.07997439884808,-42.073170731707435,-45.40117416829752
1752037680,169.45,171.4,168.4,169.1,NaN,161.083283387217,183,161.083283387217,NaN,0,0,169.95271249352936,169.7180909343289,NaN,NaN,NaN,NaN,NaN,NaN,NaN,NaN,NaN,NaN,19.43349493597888,23.503687105047273,-40.243902439024446,-61.55913978494626
1752037740,170.05,173,170.05,171.25,NaN,161.083283387217,183,161.083283387217,NaN,0,0,170.1148734318382,170.0244727474631,NaN,NaN,NaN,NaN,NaN,NaN,NaN,NaN,NaN,NaN,30.12730475477031,24.398237769017012,-22.012578616352233,-50
1752037800,171.2,171.9,169.65,170.15,NaN,161.083283387217,183,161.083283387217,NaN,0,0,170.11926425285841,170.04957819797048,NaN,NaN,NaN,NaN,NaN,NaN,NaN,NaN,NaN,NaN,37.88476019423257,29.148519961660586,-35.84905660377356,-63.60856269113144
1752037860,170.1,174.2,168.3,172.15,NaN,161.083283387217,183,161.083283387217,NaN,0,0,170.3731062212511,170.46966255837637,NaN,NaN,NaN,NaN,NaN,NaN,NaN,NaN,NaN,NaN,65.14967483714139,44.38724659538142,-22.404371584699323,-51.37614678899079
1752037920,171.8,173.2,170.7,172.55,NaN,161.083283387217,183,161.083283387217,NaN,0,0,170.64521794359473,170.8857300467011,NaN,NaN,NaN,NaN,NaN,NaN,NaN,NaN,NaN,NaN,80.1537782936772,61.06273777501705,-19.411764705882085,-48.92966360856262
1752037980,172.1,173.25,170.8,173.2,NaN,161.083283387217,183,161.083283387217,NaN,0,0,170.96456570064538,171.34858403736087,NaN,NaN,NaN,NaN,NaN,NaN,NaN,NaN,NaN,NaN,100,81.76781771027287,-15.151515151515165,-44.95412844036705
1752038040,172.25,173.2,171.15,173.2,NaN,161.083283387217,183,161.083283387217,NaN,0,0,171.2439949880647,171.7188672298887,NaN,NaN,NaN,NaN,NaN,NaN,NaN,NaN,NaN,NaN,100,93.38459276455906,-15.151515151515165,-44.95412844036705
1752038100,173.5,176.6,172.85,173.8,NaN,163.3715428709213,183,163.3715428709213,NaN,0,0,171.56349561455662,172.13509378391097,NaN,NaN,NaN,NaN,NaN,NaN,NaN,NaN,NaN,NaN,100,100,-31.111111111110922,-41.28440366972471
1752038160,174.05,175.6,173.35,173.65,NaN,163.5818885838292,183,163.5818885838292,NaN,0,0,171.82430866273705,172.43807502712878,NaN,NaN,NaN,NaN,NaN,NaN,NaN,NaN,NaN,NaN,98.75187581594253,99.58395860531418,-35.54216867469873,-42.2018348623853
1752038220,172.6,172.65,165.4,167.15,NaN,163.5818885838292,183,163.5818885838292,NaN,0,0,171.24002007989492,171.38046002170302,NaN,NaN,NaN,NaN,NaN,NaN,NaN,NaN,NaN,NaN,65.4185424826092,88.05680609951723,-84.37499999999999,-81.95718654434242
1752038280,167.05,171.8,167.05,171.8,NaN,163.5818885838292,183,163.5818885838292,NaN,0,0,171.31001756990804,171.4643680173624,NaN,NaN,NaN,NaN,NaN,NaN,NaN,NaN,NaN,NaN,52.63641948612661,72.2689459282261,-42.85714285714275,-53.51681957186537
1752038340,173.4,174.35,172.15,173.65,NaN,163.5818885838292,183,163.5818885838292,NaN,0,0,171.60251537366955,171.90149441388994,NaN,NaN,NaN,NaN,NaN,NaN,NaN,NaN,NaN,NaN,48.182913813994524,55.41262526091011,-26.33928571428564,-42.2018348623853
1752038400,174,174.85,171.65,173.2,NaN,163.5818885838292,183,163.5818885838292,NaN,0,0,171.80220095196086,172.16119553111196,NaN,NaN,NaN,NaN,NaN,NaN,NaN,NaN,NaN,NaN,73.6663657221994,58.16189967410685,-30.35714285714294,-44.95412844036705
1752038460,173.05,175.3,172.75,173.05,NaN,163.5818885838292,183,163.5818885838292,NaN,0,0,171.95817583296576,172.33895642488957,NaN,NaN,NaN,NaN,NaN,NaN,NaN,NaN,NaN,NaN,77.843238566961,66.56417270105165,-31.696428571428452,-45.87155963302746
1752038520,172.15,173.65,171.2,172.5,NaN,163.5818885838292,183,163.5818885838292,NaN,0,0,172.02590385384505,172.37116513991165,NaN,NaN,NaN,NaN,NaN,NaN,NaN,NaN,NaN,NaN,72.03508708604117,74.5148971250672,-36.60714285714285,-49.235474006116206
1752038580,172.4,172.55,170.6,171,NaN,163.5818885838292,183,163.5818885838292,NaN,0,0,171.89766587211443,172.09693211192933,NaN,NaN,NaN,NaN,NaN,NaN,NaN,NaN,NaN,NaN,60.50639351114625,70.12823972138281,-50,-57.49999999999993
1752038640,171,171.6,169,169.7,NaN,163.5818885838292,183,163.5818885838292,NaN,0,0,171.62295763810013,171.61754568954348,NaN,NaN,NaN,NaN,NaN,NaN,NaN,NaN,NaN,NaN,43.168702095231225,58.57006089747288,-57.84313725490208,-57.031250000000036
1752038700,169.55,170.05,168.1,169.85,NaN,163.5818885838292,183,163.5818885838292,NaN,0,0,171.40133793333763,171.26403655163477,NaN,NaN,NaN,NaN,NaN,NaN,NaN,NaN,NaN,NaN,29.58164035140093,44.41891198592612,-55.050505050505194,-54.435483870967715
1752038760,169.8,170.9,168.05,169.4,NaN,163.5818885838292,183,163.5818885838292,NaN,0,0,171.15117069167042,170.89122924130783,NaN,NaN,NaN,NaN,NaN,NaN,NaN,NaN,NaN,NaN,21.411809347097577,31.387383931243235,-71.51515151515159,-58.06451612903214
1752038820,168.7,169.55,167.1,169.35,NaN,163.5818885838292,183,163.5818885838292,NaN,0,0,170.9260243552116,170.58298339304625,NaN,NaN,NaN,NaN,NaN,NaN,NaN,NaN,NaN,NaN,19.519561657603347,23.504337118700608,-72.56097560975616,-58.46774193548384
1752038880,168.9,169.2,166.65,169.1,NaN,163.5818885838292,183,163.5818885838292,NaN,0,0,170.69777131081017,170.286386714437,NaN,NaN,NaN,NaN,NaN,NaN,NaN,NaN,NaN,NaN,15.260282509225156,18.730551171308687,-71.67630057803483,-64.93506493506503
1752038940,169.25,170.55,166.6,166.6,NaN,163.5818885838292,183,163.5818885838292,NaN,0,0,170.1855498969589,169.54910937154958,NaN,NaN,NaN,NaN,NaN,NaN,NaN,NaN,NaN,NaN,9.475355180218562,14.751733115682347,-100,-86.58008658008671
1752039000,166.75,167.75,165.2,167,NaN,163.5818885838292,183,163.5818885838292,NaN,0,0,169.78735615983902,169.03928749723966,NaN,NaN,NaN,NaN,NaN,NaN,NaN,NaN,NaN,NaN,6.684764001381642,10.47346723027511,-78.69822485207091,-83.11688311688319
1752039060,166.9,168.2,164.5,164.5,NaN,163.5818885838292,183,163.5818885838292,NaN,0,0,169.12643663985915,168.1314299977917,NaN,NaN,NaN,NaN,NaN,NaN,NaN,NaN,NaN,NaN,2.7075528973661966,6.289224026322123,-100,-100.00000000000001
1752039120,165.45,165.65,159.2,160.2,NaN,NaN,NaN,NaN,172.92057653351145,0,0,168.01063205987674,166.54514399823336,NaN,NaN,NaN,NaN,NaN,NaN,NaN,NaN,NaN,NaN,2.7075528973661966,4.033289932038001,-91.93548387096773,-94.25287356321839
1752039180,160.65,166.5,160.65,165.85,NaN,NaN,NaN,NaN,172.92057653351145,0,0,167.74055305239216,166.4061151985867,NaN,NaN,NaN,NaN,NaN,NaN,NaN,NaN,NaN,NaN,19.443408645342647,8.286171480025013,-43.162393162393194,-61.781609195402275
1752039240,165.6,166.4,163.15,165.8,NaN,NaN,NaN,NaN,172.92057653351145,1,0,167.49798392084313,166.28489215886935,NaN,NaN,NaN,NaN,NaN,NaN,NaN,NaN,NaN,NaN,39.00485219214408,20.385271244950975,-43.58974358974348,-62.06896551724125
1752039300,166,169.9,164.3,169.75,155.852,NaN,177.8,NaN,172.92057653351145,0,0,167.77948593073774,166.97791372709548,NaN,NaN,NaN,NaN,NaN,NaN,NaN,NaN,NaN,NaN,70.93905181692313,43.12910421813661,-7.0484581497798215,-39.367816091953976
1752039360,170,171,168,168.95,155.852,NaN,177.8,NaN,172.92057653351145,0,0,167.92580018939552,167.37233098167638,NaN,NaN,NaN,NaN,NaN,NaN,NaN,NaN,NaN,NaN,82.4599313805466,64.13461179653792,-17.372881355932282,-43.96551724137933
1752039420,169.35,169.4,167.4,168,155.852,NaN,177.8,NaN,172.92057653351145,0,0,167.9350751657211,167.4978647853411,NaN,NaN,NaN,NaN,NaN,NaN,NaN,NaN,NaN,NaN,91.03331227240947,81.47743182329306,-25.423728813559297,-49.42528735632179
1752039480,167.5,167.5,165.2,165.25,155.852,NaN,177.8,NaN,172.92057653351145,0,0,167.59944077000594,167.04829182827288,NaN,NaN,NaN,NaN,NaN,NaN,NaN,NaN,NaN,NaN,79.62046017562568,84.37123460952725,-48.728813559321985,-65.22988505747122
1752039540,165.3,166.45,164.75,164.9,155.852,NaN,177.8,NaN,172.92057653351145,0,0,167.26201067375519,166.6186334626183,NaN,NaN,NaN,NaN,NaN,NaN,NaN,NaN,NaN,NaN,68.25521699131285,79.63632981311599,-51.69491525423719,-67.24137931034474
1752039600,165.3,169.45,165.3,169.45,155.852,NaN,177.8,NaN,172.92057653351145,0,0,167.5355093395358,167.18490677009464,NaN,NaN,NaN,NaN,NaN,NaN,NaN,NaN,NaN,NaN,73.4537258859819,73.77646768430681,-13.135593220339066,-41.091954022988524
1752039660,169.8,169.8,167.3,167.75,155.852,NaN,177.8,NaN,172.92057653351145,0,0,167.56232067209382,167.2979254160757,NaN,NaN,NaN,NaN,NaN,NaN,NaN,NaN,NaN,NaN,81.42122053736882,74.37672113822119,-31.400966183574898,-50.86206896551719
1752039720,167.55,168.85,167.3,168.85,155.852,NaN,177.8,NaN,172.92057653351145,0,0,167.7232805880821,167.60834033286056,NaN,NaN,NaN,NaN,NaN,NaN,NaN,NaN,NaN,NaN,93.44121306307534,82.77205316214202,-27.388535031847226,-44.54022988505746
1752039780,168.35,171.3,168.35,171.3,155.852,NaN,177.8,NaN,172.92057653351145,0,0,168.17037051457186,168.34667226628846,NaN,NaN,NaN,NaN,NaN,NaN,NaN,NaN,NaN,NaN,93.44121306307534,89.43454888783985,0,-26.219512195121837
1752039840,171.25,176.35,170.95,176.35,163.44437378831188,NaN,177.8,163.44437378831188,NaN,0,0,169.19282420025039,169.94733781303077,NaN,NaN,NaN,NaN,NaN,NaN,NaN,NaN,NaN,NaN,98.28570421702648,95.05604344772571,0,0
1752039900,175.55,189.95,175.2,182.4,NaN,NaN,NaN,168.96493640948069,NaN,0,0,170.8437211752191,172.43787025042462,NaN,NaN,NaN,NaN,NaN,NaN,NaN,NaN,NaN,NaN,100.00000000000001,97.24230576003394,-29.960317460317405,-24.55284552845523
1752039960,181.15,183.95,181.15,182.9,NaN,NaN,NaN,169.46094276853265,NaN,0,0,172.3507560283167,174.5302962003397,NaN,NaN,NaN,NaN,NaN,NaN,NaN,NaN,NaN,NaN,100.00000000000001,99.42856807234217,-27.97619047619042,-22.92682926829263
1752040020,181.85,182.65,178.4,179.95,NaN,NaN,NaN,169.46094276853265,NaN,0,0,173.30066152477713,175.61423696027177,NaN,NaN,NaN,NaN,NaN,NaN,NaN,NaN,NaN,NaN,92.21551318921068,97.40517106307023,-39.6825396825397,-32.520325203252035
1752040080,180.5,180.6,175.25,176.2,NaN,NaN,NaN,169.46094276853265,NaN,0,0,173.66307883418,175.73138956821742,NaN,NaN,NaN,NaN,NaN,NaN,NaN,NaN,NaN,NaN,75.79215889518274,89.33589069479781,-55.78093306288038,-44.71544715447155
1752040140,176.35,179.35,176,179.15,NaN,NaN,NaN,169.46094276853265,NaN,0,0,174.3489439799075,176.41511165457393,NaN,NaN,NaN,NaN,NaN,NaN,NaN,NaN,NaN,NaN,63.89842629645076,77.30203279361473,-47.68211920529798,-35.121951219512134
1752040200,178.8,180.45,177.65,178,NaN,NaN,NaN,169.46094276853265,NaN,0,0,174.80532598241905,176.73208932365915,NaN,NaN,NaN,NaN,NaN,NaN,NaN,NaN,NaN,NaN,57.215351291951556,65.63531216119502,-52.75938189845475,-38.86178861788614
1752040260,178,178.75,176,178.75,NaN,NaN,NaN,169.46094276853265,NaN,0,0,175.29841023461665,177.13567145892733,NaN,NaN,NaN,NaN,NaN,NaN,NaN,NaN,NaN,NaN,60.384253168222216,60.49934358554152,-51.85185185185181,-36.42276422764224
1752040320,179.05,180.7,177.15,179.3,NaN,NaN,NaN,169.46094276853265,NaN,0,0,175.79860895528958,177.56853716714187,NaN,NaN,NaN,NaN,NaN,NaN,NaN,NaN,NaN,NaN,59.941879332791025,59.180494597654935,-56.05263157894725,-34.63414634146334
1752040380,179.6,179.75,178,178.3,NaN,NaN,NaN,169.46094276853265,NaN,0,0,176.1112828358784,177.7148297337135,NaN,NaN,NaN,NaN,NaN,NaN,NaN,NaN,NaN,NaN,55.169001409379945,58.49837797013107,-78.98305084745748,-37.886178861788544
1752040440,178.2,181.75,177.25,180.35,NaN,NaN,NaN,169.46094276853265,NaN,0,0,176.6411224813936,178.24186378697078,NaN,NaN,NaN,NaN,NaN,NaN,NaN,NaN,NaN,NaN,53.930049516775455,56.34697675298215,-41.37931034482757,-31.219512195121933
1752040500,180.85,181.4,179.15,179.75,NaN,NaN,NaN,169.46094276853265,NaN,0,0,177.0297321712194,178.54349102957661,NaN,NaN,NaN,NaN,NaN,NaN,NaN,NaN,NaN,NaN,47.78540431783126,52.294818414662224,-39.189189189189236,-33.17073170731704
1752040560,179.4,181.75,178.9,181.75,NaN,NaN,NaN,169.49548583545234,NaN,0,0,177.61976564981697,179.1847928236613,NaN,NaN,NaN,NaN,NaN,NaN,NaN,NaN,NaN,NaN,49.69947799431268,50.47164394297314,0,-26.66666666666663
1752040620,181.4,181.6,179.6,181.15,NaN,NaN,NaN,170.2084372519071,NaN,0,0,178.06104494358985,179.57783425892904,NaN,NaN,NaN,NaN,NaN,NaN,NaN,NaN,NaN,NaN,41.80074625047901,46.42854285420765,-10.434782608695553,-28.617886178861735
1752040680,180.85,184,180.85,184,NaN,NaN,NaN,172.1275935267164,NaN,0,0,178.8034143256411,180.46226740714323,NaN,NaN,NaN,NaN,NaN,NaN,NaN,NaN,NaN,NaN,48.13201717396703,46.544080472919575,0,-19.349593495934922
1752040740,183.6,185.9,182.25,182.25,NaN,NaN,NaN,173.71233417404474,NaN,0,0,179.23423753493597,180.81981392571458,NaN,NaN,NaN,NaN,NaN,NaN,NaN,NaN,NaN,NaN,42.65581723978273,44.19619355474293,-36.86868686868691,-25.040650406504028
1752040800,182.4,187.6,182.4,184,NaN,NaN,NaN,174.06860075664028,NaN,0,0,179.82995784306897,181.45585114057167,NaN,NaN,NaN,NaN,NaN,NaN,NaN,NaN,NaN,NaN,58.35671786673509,49.714850760161625,-34.449760765550224,-20.307167235494852
1752040860,183,184,180.4,181.05,NaN,NaN,NaN,174.06860075664028,NaN,0,0,179.98246311268534,181.37468091245734,NaN,NaN,NaN,NaN,NaN,NaN,NaN,NaN,NaN,NaN,37.172865243021086,46.06180011651298,-63.285024154589244,-33.20895522388054
1752040920,181.4,185.15,179.55,185.15,NaN,NaN,NaN,174.06860075664028,NaN,0,0,180.62840522359966,182.12974472996586,NaN,NaN,NaN,NaN,NaN,NaN,NaN,NaN,NaN,NaN,50.00779325507267,48.512458788276284,-23.671497584540965,-18.71345029239761
1752040980,185.2,185.2,181.75,182.3,NaN,NaN,NaN,174.06860075664028,NaN,0,0,180.8373545706497,182.1637957839727,NaN,NaN,NaN,NaN,NaN,NaN,NaN,NaN,NaN,NaN,23.67186812817954,36.95084220875777,-60.919540229884944,-30.35714285714278
1752041040,181.6,184.9,181.15,184.2,NaN,NaN,NaN,174.06860075664028,NaN,0,0,181.25768524931848,182.57103662717816,NaN,NaN,NaN,NaN,NaN,NaN,NaN,NaN,NaN,NaN,34.63442602411367,36.104695802455296,-39.080459770115056,-22.817460317460327
1752041100,184,184.25,181,182.1,NaN,NaN,NaN,174.06860075664028,NaN,0,0,181.36297459315367,182.47682930174253,NaN,NaN,NaN,NaN,NaN,NaN,NaN,NaN,NaN,NaN,11.268730675131257,23.19167494247483,-68.32298136645977,-31.15079365079364
1752041160,182.6,183.85,181.35,182.95,NaN,NaN,NaN,174.06860075664028,NaN,0,0,181.56135276900946,182.57146344139403,NaN,NaN,NaN,NaN,NaN,NaN,NaN,NaN,NaN,NaN,15.407719706814932,20.43695880201996,-57.763975155279695,-27.77777777777779
1752041220,183.15,184.35,181.5,182.2,NaN,NaN,NaN,174.06860075664028,NaN,0,0,181.64118367288327,182.49717075311523,NaN,NaN,NaN,NaN,NaN,NaN,NaN,NaN,NaN,NaN,4.445161810880793,10.373870730942333,-67.08074534161511,-31.440162271805303
1752041280,182.45,183.3,180.45,180.65,NaN,NaN,NaN,174.06860075664028,NaN,0,0,181.51728571377288,182.12773660249218,NaN,NaN,NaN,NaN,NaN,NaN,NaN,NaN,NaN,NaN,4.445161810880793,8.099347776192177,-86.33540372670812,-41.059602649006585
1752041340,181.3,181.3,177.5,177.5,NaN,NaN,NaN,174.06860075664028,NaN,0,0,181.01512499955126,181.20218928199375,NaN,NaN,NaN,NaN,NaN,NaN,NaN,NaN,NaN,NaN,0,2.9634412072538665,-100,-54.96688741721855
1752041400,178,179.3,177.15,179.15,NaN,NaN,NaN,174.06860075664028,NaN,0,0,180.78198437460736,180.791751425595,NaN,NaN,NaN,NaN,NaN,NaN,NaN,NaN,NaN,NaN,5.554878712712218,3.3333468411976743,-75.15527950310553,-49.99999999999993
1752041460,179.1,180.4,178.2,178.2,NaN,NaN,NaN,174.06860075664028,NaN,0,0,180.45923632778144,180.273401140476,NaN,NaN,NaN,NaN,NaN,NaN,NaN,NaN,NaN,NaN,8.047005634728627,4.533961449146953,-86.95652173913062,-61.8421052631579
1752041520,177.8,179,177.6,178.5,NaN,NaN,NaN,174.06860075664028,NaN,0,0,180.21433178680877,179.91872091238082,NaN,NaN,NaN,NaN,NaN,NaN,NaN,NaN,NaN,NaN,11.977532690738377,8.526472346059746,-82.58064516129039,-77.62711864406772
1752041580,178.6,178.6,173.25,175,NaN,NaN,NaN,174.06860075664028,NaN,0,0,179.56254031345767,178.93497672990466,NaN,NaN,NaN,NaN,NaN,NaN,NaN,NaN,NaN,NaN,6.422653978026157,8.815730767831058,-84.23423423423422,-87.8048780487805
1752041640,175.35,176.8,175.25,175.6,NaN,NaN,NaN,174.06860075664028,NaN,0,0,179.06722277427548,178.26798138392374,NaN,NaN,NaN,NaN,NaN,NaN,NaN,NaN,NaN,NaN,6.111009723730665,8.170398797498404,-78.82882882882888,-83.62369337979098
1752041700,175.8,178,172.25,177.4,NaN,NaN,NaN,174.06860075664028,NaN,0,0,178.85881992749106,178.094385107139,NaN,NaN,NaN,NaN,NaN,NaN,NaN,NaN,NaN,NaN,10.758915164239502,7.764192955332113,-57.43801652892555,-66.44951140065142
1752041760,177.4,177.4,175.5,176,NaN,NaN,NaN,174.06860075664028,NaN,0,0,178.50146743655466,177.67550808571121,NaN,NaN,NaN,NaN,NaN,NaN,NaN,NaN,NaN,NaN,15.871396564416218,10.913773817462134,-66.06334841628963,-75.57003257328991
1752041820,176.3,176.9,174.65,174.65,NaN,NaN,NaN,174.06860075664028,NaN,0,0,178.02003400698533,177.07040646856896,NaN,NaN,NaN,NaN,NaN,NaN,NaN,NaN,NaN,NaN,14.161582897238489,13.597298208631408,-73.48066298342539,-84.36482084690549
1752041880,174.9,175.75,172.85,173.9,NaN,NaN,NaN,NaN,183.68565610211306,0,0,177.50502975611215,176.43632517485517,NaN,NaN,NaN,NaN,NaN,NaN,NaN,NaN,NaN,NaN,5.583150400719904,11.87204328745821,-79.75460122699381,-89.25081433224751
1752041940,174.4,175.3,172.7,173.25,NaN,NaN,NaN,NaN,183.22709049190175,0,0,176.97315103659813,175.79906013988415,NaN,NaN,NaN,NaN,NaN,NaN,NaN,NaN,NaN,NaN,0.47066900054318656,6.738467432833864,-87.73006134969326,-93.48534201954398
1752042000,173.45,173.45,171.7,173.3,NaN,NaN,NaN,NaN,181.40438144271155,0,0,176.51400715702337,175.29924811190733,NaN,NaN,NaN,NaN,NaN,NaN,NaN,NaN,NaN,NaN,0.3077959843035865,2.120538461855563,-78.08219178082165,-89.93710691823885
1752042060,173.4,173.55,171.7,172.35,NaN,NaN,NaN,NaN,181.12644329844042,0,0,175.99350626239544,174.70939848952585,NaN,NaN,NaN,NaN,NaN,NaN,NaN,NaN,NaN,NaN,0.3077959843035865,0.3620869897167896,-90.57971014492746,-95.91194968553455
1752042120,172.4,172.4,165.8,168.35,NaN,NaN,NaN,NaN,178.7312989685964,0,0,175.038067979596,173.43751879162068,NaN,NaN,NaN,NaN,NaN,NaN,NaN,NaN,NaN,NaN,0.3077959843035865,0.3077959843035896,-79.09836065573782,-88.30275229357805
1752042180,168.45,168.45,158.6,161.2,NaN,NaN,NaN,NaN,175.1481690717367,0,0,173.3083094821465,170.99001503329654,NaN,NaN,NaN,NaN,NaN,NaN,NaN,NaN,NaN,NaN,1.4802973661668753e-16,0.2051973228690608,-86.59793814432993,-91.03448275862071
1752042240,161.3,165.7,161.3,165.35,NaN,NaN,NaN,NaN,175.1481690717367,0,0,172.3135207968782,169.86201202663725,NaN,NaN,NaN,NaN,NaN,NaN,NaN,NaN,NaN,NaN,13.918101554496678,4.741965846266755,-64.09574468085108,-76.72413793103448
1752042300,164.7,169.25,164,168,NaN,NaN,NaN,NaN,175.1481690717367,1,0,171.77433069726843,169.4896096213098,NaN,NaN,NaN,NaN,NaN,NaN,NaN,NaN,NaN,NaN,35.41081621537219,16.44297258995629,-48.63387978142077,-67.58620689655172
1752042360,167.85,168.8,166.9,167.6,157.92,NaN,180,NaN,175.1481690717367,0,0,171.25253936010986,169.11168769704784,NaN,NaN,NaN,NaN,NaN,NaN,NaN,NaN,NaN,NaN,56.99887372562597,35.44259716516495,-47.52186588921285,-68.96551724137932
1752042420,167.8,168.3,166.4,166.9,157.92,NaN,180,NaN,175.1481690717367,0,0,170.70847194009613,168.66935015763826,NaN,NaN,NaN,NaN,NaN,NaN,NaN,NaN,NaN,NaN,63.297125406249585,51.902271782415916,-50.29940119760477,-71.37931034482756
1752042480,167.15,167.4,165.3,166.45,157.92,NaN,180,NaN,175.1481690717367,0,0,170.17616294758412,168.2254801261106,NaN,NaN,NaN,NaN,NaN,NaN,NaN,NaN,NaN,NaN,61.11067961965468,60.46889291717675,-47.49163879598672,-70.4887218045113
1752042540,167,167.35,164.8,166.05,157.92,NaN,180,NaN,175.1481690717367,0,0,169.6603925791361,167.79038410088847,NaN,NaN,NaN,NaN,NaN,NaN,NaN,NaN,NaN,NaN,60.2842499142919,61.56401831339872,-50.1672240802675,-71.99248120300744
1752042600,166.05,166.05,162,164.1,157.92,NaN,180,NaN,174.43509983518757,0,0,168.9653435067441,167.05230728071078,NaN,NaN,NaN,NaN,NaN,NaN,NaN,NaN,NaN,NaN,58.43570271465728,59.94354408286796,-60.14492753623192,-79.32330827067669
1752042660,164.8,166.4,163.45,165.7,157.92,NaN,180,NaN,174.43509983518757,0,0,168.55717556840108,166.78184582456862,NaN,NaN,NaN,NaN,NaN,NaN,NaN,NaN,NaN,NaN,67.06429032933596,61.92808098609505,-33.33333333333342,-73.00380228136886
1752042720,165.5,166.4,163,163,157.92,NaN,180,NaN,174.43509983518757,0,0,167.86252862235094,166.02547665965488,NaN,NaN,NaN,NaN,NaN,NaN,NaN,NaN,NaN,NaN,67.84457575793718,64.44818960064347,-78.61635220125797,-82.91262135922328
1752042780,163.35,165,163.1,164.35,157.92,NaN,180,NaN,173.87381277985173,0,0,167.42346254455708,165.6903813277239,NaN,NaN,NaN,NaN,NaN,NaN,NaN,NaN,NaN,NaN,78.18151481918973,71.03012696882097,-67.5862068965518,-77.66990291262135
1752042840,164.3,167.15,163.7,167.05,157.92,NaN,180,NaN,173.87381277985173,0,0,167.37677972648746,165.96230506217913,NaN,NaN,NaN,NaN,NaN,NaN,NaN,NaN,NaN,NaN,83.57999166356376,76.5353607468969,-25.735294117647015,-67.1844660194174
1752042900,166.8,167,165,165.6,157.92,NaN,180,NaN,173.87381277985173,0,0,167.1546822606765,165.8898440497433,NaN,NaN,NaN,NaN,NaN,NaN,NaN,NaN,NaN,NaN,91.33231748873163,84.36460799049503,-42.85714285714305,-71.6599190283401
1752042960,165.3,168.95,164.95,168.7,157.92,NaN,180,NaN,173.87381277985173,0,0,167.34784697809195,166.45187523979462,NaN,NaN,NaN,NaN,NaN,NaN,NaN,NaN,NaN,NaN,95.96090572532673,90.29107162587404,-3.5971223021582794,-55.506607929515475
1752043020,168.5,170.25,167.8,168.05,157.92,NaN,180,NaN,173.87381277985173,0,0,167.43561610583046,166.77150019183568,NaN,NaN,NaN,NaN,NaN,NaN,NaN,NaN,NaN,NaN,93.13478433841222,93.4760025174902,-26.66666666666653,-56.65137614678894
1752043080,168.65,169.8,167.6,169.6,157.92,NaN,180,NaN,173.87381277985173,0,0,167.70616409260165,167.33720015346856,NaN,NaN,NaN,NaN,NaN,NaN,NaN,NaN,NaN,NaN,97.1738786130855,95.42318955894149,-7.878787878787947,-49.54128440366975
1752043140,169.15,175.7,168.6,175.2,161.7204144624628,NaN,180,161.7204144624628,NaN,0,0,168.64289358102644,168.90976012277486,NaN,NaN,NaN,NaN,NaN,NaN,NaN,NaN,NaN,NaN,97.1738786130855,95.82751385486108,-3.9370078740157517,-18.627450980392208
1752043200,174.45,177.55,173.15,175.25,164.64337301621654,NaN,180,164.64337301621654,NaN,0,0,169.46878188339815,170.17780809821988,NaN,NaN,NaN,NaN,NaN,NaN,NaN,NaN,NaN,NaN,100,98.11591907539032,-15.807560137457111,-16.74999999999997
1752043260,175.6,176.2,173.7,175.1,164.64337301621654,NaN,180,164.64337301621654,NaN,0,0,170.17268414797337,171.1622464785759,NaN,NaN,NaN,NaN,NaN,NaN,NaN,NaN,NaN,NaN,99.5461091375834,98.9066625835563,-16.95501730103816,-14.948453608247448
1752043320,174.7,177.25,173.8,177,165.1426321431354,NaN,180,165.1426321431354,NaN,0,0,171.0260986294767,172.32979718286072,NaN,NaN,NaN,NaN,NaN,NaN,NaN,NaN,NaN,NaN,99.5461091375834,99.69740609172227,-3.9711191335740827,-5.1546391752577305
1752043380,176.9,177.45,176,176.65,166.94586892882185,NaN,180,166.94586892882185,NaN,0,0,171.72908630079212,173.19383774628858,NaN,NaN,NaN,NaN,NaN,NaN,NaN,NaN,NaN,NaN,98.48485805112107,99.19235877542928,-7.142857142857175,-4.749340369393166
1752043440,176,177.9,176,177.55,167.57878203593967,NaN,180,167.57878203593967,NaN,0,0,172.4567005131931,174.06507019703088,NaN,NaN,NaN,NaN,NaN,NaN,NaN,NaN,NaN,NaN,98.93874891353767,98.98990536741404,-2.702702702702655,-1.8134715025906432
1752043500,177.2,179,177.2,178.4,169.1259038323457,NaN,180,169.1259038323457,NaN,0,0,173.19961294904397,174.93205615762471,NaN,NaN,NaN,NaN,NaN,NaN,NaN,NaN,NaN,NaN,98.93874891353768,98.78745195939881,-5.263157894736789,-2.9411764705882066
1752043560,178.1,178.75,175,175.95,169.1259038323457,NaN,180,169.1259038323457,NaN,0,0,173.54341133041348,175.13564492609976,NaN,NaN,NaN,NaN,NaN,NaN,NaN,NaN,NaN,NaN,91.55466218410827,96.47738667039454,-26.754385964912366,-14.950980392156914
1752043620,176.05,177.35,175.25,176.9,169.1259038323457,NaN,180,169.1259038323457,NaN,0,0,173.9629849141118,175.4885159408798,NaN,NaN,NaN,NaN,NaN,NaN,NaN,NaN,NaN,NaN,84.24977709824057,91.58106273196216,-20.192307692307626,-10.294117647058792
1752043680,176.65,179.35,176.65,178.15,169.16963389378003,NaN,180,169.16963389378003,NaN,0,0,174.48636179984783,176.02081275270385,NaN,NaN,NaN,NaN,NaN,NaN,NaN,NaN,NaN,NaN,80.26436966781618,85.35626965005501,-19.35483870967727,-5.783132530120427
1752043740,178,178.2,176.2,177.9,169.16963389378003,NaN,180,169.16963389378003,NaN,0,0,174.91306657486686,176.39665020216307,NaN,NaN,NaN,NaN,NaN,NaN,NaN,NaN,NaN,NaN,82.05694391174382,82.19036355926686,-25.663716814159066,-6.9879518072288604
1752043800,177.35,179,176.25,177.6,169.16963389378003,NaN,180,169.16963389378003,NaN,0,0,175.2489332530085,176.63732016173046,NaN,NaN,NaN,NaN,NaN,NaN,NaN,NaN,NaN,NaN,80.92738628669603,81.08289995541868,-31.531531531531627,-8.433734939759036
1752043860,177.6,178.2,174.45,175.5,169.16963389378003,NaN,180,169.16963389378003,NaN,0,0,175.28031659638242,176.40985612938437,NaN,NaN,NaN,NaN,NaN,NaN,NaN,NaN,NaN,NaN,60.02162236350481,74.33531752064822,-78.57142857142837,-21.329639889196663
1752043920,175.35,175.85,172.45,174.95,169.16963389378003,NaN,180,169.16963389378003,NaN,0,0,175.2390270218346,176.1178849035075,NaN,NaN,NaN,NaN,NaN,NaN,NaN,NaN,NaN,NaN,33.3410526021356,58.09668708411214,-63.76811594202901,-25.360230547550472
1752043980,175.35,177.15,174.9,176.65,169.16963389378003,NaN,180,169.16963389378003,NaN,0,0,175.41539864410527,176.224307922806,NaN,NaN,NaN,NaN,NaN,NaN,NaN,NaN,NaN,NaN,19.684630947772202,37.682435304470864,-39.130434782608496,-15.561959654178613
1752044040,177.15,177.65,176.45,177.6,169.16963389378003,NaN,180,169.16963389378003,NaN,0,0,175.6884738135921,176.49944633824478,NaN,NaN,NaN,NaN,NaN,NaN,NaN,NaN,NaN,NaN,28.36451869684632,27.1300674155847,-25.36231884057969,-10.086455331412107
1752044100,177.7,180.7,177.25,179.3,NaN,NaN,NaN,170.5580019155299,NaN,0,0,176.1399145868931,177.05955707059582,NaN,NaN,NaN,NaN,NaN,NaN,NaN,NaN,NaN,NaN,55.326422105522916,34.45852391671381,-16.969696969696695,-7.486631016042664
1752044160,179.4,179.4,177.4,177.7,NaN,NaN,NaN,170.5580019155299,NaN,0,0,176.33492526353146,177.18764565647666,NaN,NaN,NaN,NaN,NaN,NaN,NaN,NaN,NaN,NaN,57.25298077259845,46.981307191655894,-36.36363636363637,-16.042780748663112
1752044220,177,180.8,176.1,180,NaN,NaN,NaN,170.5580019155299,NaN,0,0,176.79305960559003,177.75011652518134,NaN,NaN,NaN,NaN,NaN,NaN,NaN,NaN,NaN,NaN,66.35596512967848,59.64512266926661,-9.580838323353403,-4.255319148936228
1752044280,179.55,179.75,178.1,179.2,NaN,NaN,NaN,170.5580019155299,NaN,0,0,177.09392715489128,178.04009322014508,NaN,NaN,NaN,NaN,NaN,NaN,NaN,NaN,NaN,NaN,58.822674884104146,60.81054026212703,-19.161676646706805,-8.988764044943942
1752044340,178.75,181.3,178.4,180,NaN,NaN,NaN,171.36510755677918,NaN,0,0,177.45718626052985,178.43207457611607,NaN,NaN,NaN,NaN,NaN,NaN,NaN,NaN,NaN,NaN,75.34774432684497,66.84212811354253,-14.689265536723255,-7.1038251366120795
1752044400,180,182.4,179.25,181.8,NaN,NaN,NaN,172.24359680110123,NaN,0,0,178.00003797796361,179.10565966089285,NaN,NaN,NaN,NaN,NaN,NaN,NaN,NaN,NaN,NaN,82.45604357430643,72.20882092841852,-6.030150753768777,-3.1088082901554093
1752044460,182.1,182.1,180,180.2,NaN,NaN,NaN,172.69673712099114,NaN,0,0,178.27503323071815,179.3245277287143,NaN,NaN,NaN,NaN,NaN,NaN,NaN,NaN,NaN,NaN,82.30727672225474,80.03702154113539,-29.33333333333356,-11.764705882353022
1752044520,180.1,180.45,176.45,177,NaN,NaN,NaN,172.69673712099114,NaN,0,0,178.11565407687837,178.85962218297144,NaN,NaN,NaN,NaN,NaN,NaN,NaN,NaN,NaN,NaN,52.61317964438393,72.45883331364837,-85.71428571428565,-30.945558739255016
1752044580,177.1,178.2,175.3,178.2,NaN,NaN,NaN,172.69673712099114,NaN,0,0,178.12619731726858,178.72769774637715,NaN,NaN,NaN,NaN,NaN,NaN,NaN,NaN,NaN,NaN,25.886649971022365,53.60236877922034,-59.154929577465076,-24.06876790830953
1752044640,177.4,178.5,177.35,177.75,NaN,NaN,NaN,172.69673712099114,NaN,0,0,178.07917265261,178.53215819710172,NaN,NaN,NaN,NaN,NaN,NaN,NaN,NaN,NaN,NaN,10.378031016988187,29.6259535441315,-65.49295774647901,-31.418918918918934
1752044700,177.4,179,177.4,178.3,NaN,NaN,NaN,172.69673712099114,NaN,0,0,178.10677607103375,178.48572655768137,NaN,NaN,NaN,NaN,NaN,NaN,NaN,NaN,NaN,NaN,17.379494526737098,17.88139183824922,-57.746478873239404,-27.70270270270264
1752044760,178.15,179.5,177.5,179.5,NaN,NaN,NaN,172.69673712099114,NaN,0,0,178.28092906215454,178.6885812461451,NaN,NaN,NaN,NaN,NaN,NaN,NaN,NaN,NaN,NaN,24.689353310569942,17.48229295143175,-40.84507042253532,-21.014492753623212
1752044820,179.5,181.5,179.05,179.5,NaN,NaN,NaN,172.69673712099114,NaN,0,0,178.43331292938524,178.85086499691607,NaN,NaN,NaN,NaN,NaN,NaN,NaN,NaN,NaN,NaN,34.83478839735816,25.63454541155507,-40.84507042253532,-29.14572864321609
1752044880,179,179,177.05,178.15,NaN,NaN,NaN,172.69673712099114,NaN,0,0,178.3978988132121,178.71069199753285,NaN,NaN,NaN,NaN,NaN,NaN,NaN,NaN,NaN,NaN,31.559536752017493,30.361226153315204,-59.859154929577514,-42.7135678391959
1752044940,177.8,183.05,177.8,182.1,NaN,NaN,NaN,172.69673712099114,NaN,0,0,178.8606614615606,179.38855359802628,NaN,NaN,NaN,NaN,NaN,NaN,NaN,NaN,NaN,NaN,43.24909329214188,36.547806147172516,-12.258064516129252,-8.962264150943538
1752045000,182.55,185,182.05,184.4,NaN,NaN,NaN,175.06198851066884,NaN,0,0,179.5530787788655,180.390842878421,NaN,NaN,NaN,NaN,NaN,NaN,NaN,NaN,NaN,NaN,62.6657641816706,45.82479807527667,-6.185567010309227,-4.780876494023855
1752045060,183.95,184.8,180.9,181.15,NaN,NaN,NaN,175.06198851066884,NaN,0,0,179.75269393150734,180.5426743027368,NaN,NaN,NaN,NaN,NaN,NaN,NaN,NaN,NaN,NaN,71.58395083351223,59.1662694357749,-39.69072164948452,-30.677290836653313
1752045120,180.45,180.45,177,178.75,NaN,NaN,NaN,175.06198851066884,NaN,0,0,179.62735719006892,180.18413944218943,NaN,NaN,NaN,NaN,NaN,NaN,NaN,NaN,NaN,NaN,45.9777318495832,60.075815621588674,-78.125,-49.800796812748956
1752045180,178.3,178.7,173.25,175.05,NaN,NaN,NaN,NaN,185.86273537572242,0,0,179.05518754131032,179.15731155375155,NaN,NaN,NaN,NaN,NaN,NaN,NaN,NaN,NaN,NaN,12.644398516249874,43.40202706644843,-84.68085106382969,-79.28286852589625
1752045240,175.55,175.55,171.9,171.9,NaN,NaN,NaN,NaN,183.7189618381502,0,0,178.16078909864652,177.70584924300124,NaN,NaN,NaN,NaN,NaN,NaN,NaN,NaN,NaN,NaN,4.736951571734001e-15,19.54071012194436,-100.00000000000001,-100.00000000000001
1752045300,172.5,173.6,167.05,170.4,NaN,NaN,NaN,NaN,181.28456565433515,0,0,177.1906904613157,176.244679394401,NaN,NaN,NaN,NaN,NaN,NaN,NaN,NaN,NaN,NaN,0,4.214799505416624,-81.33704735376047,-81.33704735376047
1752045360,171,171.9,169.1,169.6,NaN,NaN,NaN,NaN,181.20360908890163,0,0,176.24185415365125,174.9157435155208,NaN,NaN,NaN,NaN,NaN,NaN,NaN,NaN,NaN,NaN,0,-2.960594732333751e-15,-85.79387186629535,-85.79387186629535
1752045420,169.3,171.5,169.2,170.3,NaN,NaN,NaN,NaN,180.67324818001148,0,0,175.49912238444483,173.99259481241666,NaN,NaN,NaN,NaN,NaN,NaN,NaN,NaN,NaN,NaN,2.0282611107797908,0.6760870369265923,-81.89415041782729,-81.89415041782729
1752045480,170.35,173.25,170.1,173.05,NaN,NaN,NaN,NaN,180.67324818001148,0,0,175.19298208638924,173.80407584993333,NaN,NaN,NaN,NaN,NaN,NaN,NaN,NaN,NaN,NaN,11.493942786287647,4.507401299022475,-66.57381615598884,-66.57381615598884
1752045540,173.3,177,172.8,176.1,NaN,NaN,NaN,NaN,180.67324818001148,1,0,175.3063593255906,174.26326067994665,NaN,NaN,NaN,NaN,NaN,NaN,NaN,NaN,NaN,NaN,27.9812303834649,13.834478093510775,-49.01408450704235,-49.58217270194992
1752045600,175.45,176.8,175,175.65,165.534,NaN,188.1,NaN,180.67324818001148,0,0,175.34931440989178,174.54060854395732,NaN,NaN,NaN,NaN,NaN,NaN,NaN,NaN,NaN,NaN,41.461399802383966,26.978857657378835,-35.82089552238799,-52.089136490250695
1752045660,175.8,177.3,175.1,176.4,165.534,NaN,188.1,NaN,180.67324818001148,0,0,175.4806501086553,174.91248683516585,NaN,NaN,NaN,NaN,NaN,NaN,NaN,NaN,NaN,NaN,49.222978496014186,39.555202893954345,-19.74248927038616,-47.910863509749305
1752045720,176.1,177.85,175.75,176.4,165.534,NaN,188.1,NaN,180.67324818001148,0,0,175.5955688450734,175.20998946813268,NaN,NaN,NaN,NaN,NaN,NaN,NaN,NaN,NaN,NaN,49.96295126797502,46.88244318879106,-13.425925925925842,-47.910863509749305
1752045780,176.4,176.75,173.5,173.9,165.534,NaN,188.1,NaN,180.67324818001148,0,0,175.3836227394392,174.94799157450615,NaN,NaN,NaN,NaN,NaN,NaN,NaN,NaN,NaN,NaN,45.724529722331795,48.303486495440325,-36.574074074074026,-61.838440111420624
1752045840,173.35,175.5,173.35,174.7,165.534,NaN,188.1,NaN,180.67324818001148,0,0,175.2981698970093,174.89839325960492,NaN,NaN,NaN,NaN,NaN,NaN,NaN,NaN,NaN,NaN,47.69697828893302,47.79481975974661,-36.000000000000064,-57.381615598885894
1752045900,175.15,175.25,172,172,165.534,NaN,188.1,NaN,180.67324818001148,0,0,174.88589865988314,174.31871460768394,NaN,NaN,NaN,NaN,NaN,NaN,NaN,NaN,NaN,NaN,44.9004444923633,46.107317501209366,-67.63005780346809,-72.42339832869085
1752045960,172.4,175,172.4,174.6,165.534,NaN,188.1,NaN,180.67324818001148,0,0,174.85016132739776,174.37497168614715,NaN,NaN,NaN,NaN,NaN,NaN,NaN,NaN,NaN,NaN,61.10196097969081,51.233127920329046,-41.935483870967744,-57.93871866295271
1752046020,174.9,175.2,172.4,172.8,165.534,NaN,188.1,NaN,180.67324818001148,0,0,174.59389116147304,174.05997734891773,NaN,NaN,NaN,NaN,NaN,NaN,NaN,NaN,NaN,NaN,61.9037386967305,55.96871472292819,-86.32478632478612,-67.96657381615597
1752046080,173.4,174,171.75,172.3,165.534,NaN,188.1,NaN,180.67324818001148,0,0,174.3071547662889,173.7079818791342,NaN,NaN,NaN,NaN,NaN,NaN,NaN,NaN,NaN,NaN,65.44799658212948,62.817898752850255,-90.98360655737686,-70.75208913649023
1752046140,172.25,173.25,171.35,172,165.534,NaN,188.1,NaN,180.67324818001148,0,0,174.0187604205028,173.36638550330736,NaN,NaN,NaN,NaN,NaN,NaN,NaN,NaN,NaN,NaN,54.68761865700855,60.679784645289494,-89.99999999999991,-72.42339832869085
1752046200,171.6,172.65,170.45,171.75,165.534,NaN,188.1,NaN,179.85895333685502,0,0,173.73516536793994,173.04310840264588,NaN,NaN,NaN,NaN,NaN,NaN,NaN,NaN,NaN,NaN,47.926464511166735,56.02069325010158,-82.4324324324323,-73.81615598885799
1752046260,171.45,172.5,170.05,171.4,165.534,NaN,188.1,NaN,179.48805800316953,0,0,173.44326969694745,172.7144867221167,NaN,NaN,NaN,NaN,NaN,NaN,NaN,NaN,NaN,NaN,29.95148005319939,44.18852107379155,-79.85074626865676,-75.76601671309194
1752046320,170.65,172.2,170.3,172.15,165.534,NaN,188.1,NaN,179.21175220285255,0,0,173.28161098482903,172.60158937769336,NaN,NaN,NaN,NaN,NaN,NaN,NaN,NaN,NaN,NaN,21.696626388757362,33.19152365104116,-61.46788990825691,-71.58774373259055
1752046380,172.3,172.3,165.75,166.4,165.534,NaN,188.1,NaN,178.1555769825673,0,0,172.4214096117254,171.3612715021547,NaN,NaN,NaN,NaN,NaN,NaN,NaN,NaN,NaN,NaN,8.45629388182018,20.034800107925637,-93.15789473684204,-96.6233766233766
1752046440,167.55,167.55,153.1,154.8,NaN,NaN,NaN,NaN,172.87751928431058,0,0,170.21873341025974,168.04901720172376,NaN,NaN,NaN,NaN,NaN,NaN,NaN,NaN,NaN,NaN,8.456293881820178,12.869738050799233,-92.30769230769224,-94.67084639498428
1752046500,154.9,163.1,154.9,162.3,NaN,NaN,NaN,NaN,172.78726735587952,0,0,169.22889173397726,166.899213761379,NaN,NaN,NaN,NaN,NaN,NaN,NaN,NaN,NaN,NaN,17.456841533575965,11.456476432405433,-58.371040723981814,-71.15987460815043
1752046560,162.05,164.05,161.05,162.1,NaN,NaN,NaN,NaN,172.78726735587952,1,0,168.3377802672301,165.9393710091032,NaN,NaN,NaN,NaN,NaN,NaN,NaN,NaN,NaN,NaN,36.47467084680983,20.795935420735326,-56.937799043062206,-71.78683385579937
1752046620,162.3,162.3,159.15,159.85,152.374,NaN,174.1,NaN,172.78726735587952,0,0,167.27680773382633,164.72149680728256,NaN,NaN,NaN,NaN,NaN,NaN,NaN,NaN,NaN,NaN,52.56694997833185,35.49948745290588,-66.50124069478909,-78.84012539184953
1752046680,159.95,160.55,157.9,159.25,152.374,NaN,174.1,NaN,171.6504179024362,0,0,166.27345676709803,163.62719744582606,NaN,NaN,NaN,NaN,NaN,NaN,NaN,NaN,NaN,NaN,50.42956771725998,46.49039618080055,-68.54219948849104,-80.59936908517349
1752046740,159.8,161.3,159.2,160.15,152.374,NaN,174.1,NaN,171.6504179024362,0,0,165.50802467121076,162.93175795666085,NaN,NaN,NaN,NaN,NaN,NaN,NaN,NaN,NaN,NaN,49.06726656722763,50.68792808760649,-63.659793814432945,-74.22303473491768
1752046800,160.15,161,159.2,161,152.374,NaN,174.1,NaN,171.2715885009733,0,0,164.94452158730942,162.5454063653287,NaN,NaN,NaN,NaN,NaN,NaN,NaN,NaN,NaN,NaN,55.92533065108076,51.80738831185613,-58.85416666666667,-69.14062499999997
1752046860,161.25,168.1,160.5,166.7,152.374,NaN,174.1,NaN,171.2715885009733,0,0,165.16395638889574,163.37632509226296,NaN,NaN,NaN,NaN,NaN,NaN,NaN,NaN,NaN,NaN,73.93920471191,59.64393397673947,-29.16666666666676,-45.050505050505066
1752046920,166.2,168.35,164.5,168.35,152.374,NaN,174.1,NaN,171.2715885009733,0,0,165.56221184028377,164.37106007381036,NaN,NaN,NaN,NaN,NaN,NaN,NaN,NaN,NaN,NaN,89.61700988204181,73.16051508167753,0,-38.38383838383838
1752046980,168.4,170.65,167.65,169.3,152.374,NaN,174.1,NaN,171.2715885009733,0,0,166.0294353602483,165.35684805904827,NaN,NaN,NaN,NaN,NaN,NaN,NaN,NaN,NaN,NaN,100,87.85207153131728,-8.571428571428536,-34.545454545454476
1752047040,168.8,170.95,168.3,169.75,152.374,NaN,174.1,NaN,171.2715885009733,0,0,166.49450594021727,166.23547844723862,NaN,NaN,NaN,NaN,NaN,NaN,NaN,NaN,NaN,NaN,100,96.53900329401394,-9.1954022988505,-32.727272727272705
1752047100,169.55,170.85,168.2,168.55,152.374,NaN,174.1,NaN,171.2715885009733,0,0,166.7514426976901,166.6983827577909,NaN,NaN,NaN,NaN,NaN,NaN,NaN,NaN,NaN,NaN,97.6727187257277,99.22423957524256,-18.390804597701,-37.57575757575751
1752047160,168,171.75,168,170.6,152.374,NaN,174.1,NaN,171.2715885009733,0,0,167.23251236047884,167.47870620623272,NaN,NaN,NaN,NaN,NaN,NaN,NaN,NaN,NaN,NaN,97.6727187257277,98.44847915048514,-8.30324909747297,-29.292929292929294
1752047220,171.15,172,169.95,169.95,152.374,NaN,174.1,NaN,171.2715885009733,0,0,167.57219831541897,167.97296496498618,NaN,NaN,NaN,NaN,NaN,NaN,NaN,NaN,NaN,NaN,96.36779237380479,97.23774327508674,-16.015625000000075,-31.91919191919194
1752047280,169.85,169.9,167.3,168.6,152.374,NaN,174.1,NaN,171.2715885009733,0,0,167.7006735259916,168.09837197198894,NaN,NaN,NaN,NaN,NaN,NaN,NaN,NaN,NaN,NaN,92.25901609704069,95.43317573219106,-26.56250000000002,-37.37373737373738
1752047340,168.65,170.8,167,169.55,152.374,NaN,174.1,NaN,171.2715885009733,0,0,167.93183933524264,168.38869757759116,NaN,NaN,NaN,NaN,NaN,NaN,NaN,NaN,NaN,NaN,88.8275218186822,92.48477676317589,-21.304347826086858,-33.535353535353465
1752047400,170.15,171.2,169.6,170.05,152.374,NaN,174.1,NaN,171.2715885009733,0,0,168.19660941833732,168.72095806207292,NaN,NaN,NaN,NaN,NaN,NaN,NaN,NaN,NaN,NaN,88.30866117058929,89.79839969543741,-25.999999999999847,-28.32980972515851
1752047460,170.05,171.9,169,170.8,152.374,NaN,174.1,NaN,171.2715885009733,0,0,168.52203324104516,169.13676644965835,NaN,NaN,NaN,NaN,NaN,NaN,NaN,NaN,NaN,NaN,94.74471872162565,90.62696723696574,-23.999999999999773,-20.9821428571428
1752047520,171,174.65,170.6,172.55,NaN,NaN,NaN,162.56782379796294,NaN,0,0,169.0255290859145,169.81941315972668,NaN,NaN,NaN,NaN,NaN,NaN,NaN,NaN,NaN,NaN,98.17621299998414,93.74319763073305,-27.45098039215677,-12.189616252821615
1752047580,172.4,173.4,171.6,173.4,NaN,NaN,NaN,162.90854141816664,NaN,0,0,169.5723379501752,170.53553052778133,NaN,NaN,NaN,NaN,NaN,NaN,NaN,NaN,NaN,NaN,100,97.64031057386995,-16.33986928104574,-8.144796380090423
1752047640,173.7,174.5,170.65,171.6,NaN,NaN,NaN,162.90854141816664,NaN,0,0,169.8257957064033,170.74842442222507,NaN,NaN,NaN,NaN,NaN,NaN,NaN,NaN,NaN,NaN,86.48676053716231,94.88765784571551,-39.869281045751755,-16.289592760180973
1752047700,172.45,173.35,169.8,170.5,NaN,NaN,NaN,162.90854141816664,NaN,0,0,169.9100712431029,170.69873953778006,NaN,NaN,NaN,NaN,NaN,NaN,NaN,NaN,NaN,NaN,60.100837862975006,82.19586613337913,-54.24836601307193,-19.257540603248277
1752047760,170.4,171,167.3,169.65,NaN,NaN,NaN,162.90854141816664,NaN,0,0,169.87756233771503,170.48899163022404,NaN,NaN,NaN,NaN,NaN,NaN,NaN,NaN,NaN,NaN,26.767504529641666,57.785034309926345,-65.35947712418296,-23.201856148491867
1752047820,169.7,172.95,169.2,172.9,NaN,NaN,NaN,162.90854141816664,NaN,0,0,170.25536704550066,170.97119330417922,NaN,NaN,NaN,NaN,NaN,NaN,NaN,NaN,NaN,NaN,31.723158797245258,39.530500396620674,-22.875816993464035,-8.120649651972153
1752047880,172.45,174.25,172,172.65,NaN,NaN,NaN,163.34055912201325,NaN,0,0,170.5546961648131,171.30695464334337,NaN,NaN,NaN,NaN,NaN,NaN,NaN,NaN,NaN,NaN,47.24432581607093,35.244996380985974,-27.210884353741516,-9.280742459396746
1752047940,172.3,173,171.8,171.8,NaN,NaN,NaN,163.34055912201325,NaN,0,0,170.71035914421145,171.4055637146747,NaN,NaN,NaN,NaN,NaN,NaN,NaN,NaN,NaN,NaN,61.69418686886303,46.88722382739309,-38.775510204081584,-13.225058004640339
1752048000,171.75,171.95,169.55,170.4,NaN,NaN,NaN,163.34055912201325,NaN,0,0,170.67156425118503,171.20445097173976,NaN,NaN,NaN,NaN,NaN,NaN,NaN,NaN,NaN,NaN,38.61499252646389,49.18450173713264,-57.82312925170073,-19.721577726218086
1752048060,170.5,173,170.5,171.25,NaN,NaN,NaN,163.34055912201325,NaN,0,0,170.74386871978692,171.21356077739182,NaN,NaN,NaN,NaN,NaN,NaN,NaN,NaN,NaN,NaN,25.178903394075203,41.82936092980073,-45.13888888888896,-15.777262180974496
1752048120,171.3,171.5,169.4,170,NaN,NaN,NaN,163.34055912201325,NaN,0,0,170.65088512981356,170.97084862191346,NaN,NaN,NaN,NaN,NaN,NaN,NaN,NaN,NaN,NaN,10.729042341283105,24.84097942060742,-62.5000000000001,-23.544303797468384
1752048180,170.05,171.6,170,170.05,NaN,NaN,NaN,163.34055912201325,NaN,0,0,170.57577448858686,170.78667889753078,NaN,NaN,NaN,NaN,NaN,NaN,NaN,NaN,NaN,NaN,9.478411674161807,15.128785803173391,-60.43165467625893,-27.462686567164145
1752048240,170,170.95,169.55,170.2,NaN,NaN,NaN,163.34055912201325,NaN,0,0,170.5288026775135,170.6693431180246,NaN,NaN,NaN,NaN,NaN,NaN,NaN,NaN,NaN,NaN,2.3165366395984264,7.507996885014468,-58.27338129496429,-26.56716417910458
1752048300,170,170.75,167.95,170.3,NaN,NaN,NaN,163.34055912201325,NaN,0,0,170.5002023428243,170.5954744944197,NaN,NaN,NaN,NaN,NaN,NaN,NaN,NaN,NaN,NaN,5.19520669133485,5.663385001698384,-62.698412698412405,-25.97014925373131
1752048360,169.2,170,163.85,165.25,NaN,NaN,NaN,163.34055912201325,NaN,0,0,169.84392704997128,169.52637959553576,NaN,NaN,NaN,NaN,NaN,NaN,NaN,NaN,NaN,NaN,4.749283562756053,4.0870089645631325,-86.53846153846149,-60.84142394822003
1752048420,166,167.8,165.95,167.2,NaN,NaN,NaN,163.34055912201325,NaN,0,0,169.51343616872487,169.06110367642862,NaN,NaN,NaN,NaN,NaN,NaN,NaN,NaN,NaN,NaN,12.980160136151317,7.641550130080764,-63.38797814207659,-48.22006472491915
1752048480,166.85,170,166.85,169.75,NaN,NaN,NaN,163.34055912201325,NaN,0,1,169.54300664763426,169.1988829411429,NaN,NaN,NaN,NaN,NaN,NaN,NaN,NaN,NaN,NaN,31.60354934830905,16.44433101573883,-35.51912568306009,-34.628975265017694
1752048540,170.35,170.35,166.95,166.95,NaN,163.34055912201325,181.75,163.34055912201325,NaN,0,0,169.21888081667998,168.7491063529143,NaN,NaN,NaN,NaN,NaN,NaN,NaN,NaN,NaN,NaN,42.59122575956443,29.05831174800829,-66.12021857923506,-71.29629629629638
1752048600,166.75,168.25,166.75,167.35,NaN,163.34055912201325,181.75,163.34055912201325,NaN,0,0,168.98527071459498,168.46928508233145,NaN,NaN,NaN,NaN,NaN,NaN,NaN,NaN,NaN,NaN,45.25159436215801,39.81545649001052,-54.83870967741935,-67.59259259259262
1752048660,167,168.6,167,168.6,NaN,163.34055912201325,181.75,163.34055912201325,NaN,0,0,168.9371118752706,168.49542806586516,NaN,NaN,NaN,NaN,NaN,NaN,NaN,NaN,NaN,NaN,42.671523343214915,43.504781154979135,-38.70967741935484,-56.01851851851856
1752048720,168.7,169.8,167.85,168.95,NaN,163.34055912201325,181.75,163.34055912201325,NaN,0,0,168.93872289086178,168.58634245269212,NaN,NaN,NaN,NaN,NaN,NaN,NaN,NaN,NaN,NaN,55.02930075524825,47.65080615354041,-28.169014084507065,-52.77777777777788
1752048780,168.5,169.25,164.4,164.6,NaN,163.34055912201325,181.75,163.34055912201325,NaN,0,0,168.39638252950405,167.7890739621537,NaN,NaN,NaN,NaN,NaN,NaN,NaN,NaN,NaN,NaN,47.32024140686399,48.34035516844241,-89.1304347826087,-93.05555555555556
1752048840,165.05,167.85,165.05,167.65,NaN,163.34055912201325,181.75,163.34055912201325,NaN,0,0,168.30308471331605,167.76125916972296,NaN,NaN,NaN,NaN,NaN,NaN,NaN,NaN,NaN,NaN,50.18624597979311,50.845262713968474,-41.53846153846136,-64.81481481481475
1752048900,167,169.8,165.9,168.95,NaN,163.34055912201325,181.75,163.34055912201325,NaN,0,0,168.38394912415154,167.99900733577837,NaN,NaN,NaN,NaN,NaN,NaN,NaN,NaN,NaN,NaN,60.174125489837714,52.56020429216496,-23.529411764706023,-52.77777777777788
1752048960,168.65,169.4,168.15,168.4,NaN,163.34055912201325,181.75,163.34055912201325,NaN,0,0,168.38595548363259,168.0792058686227,NaN,NaN,NaN,NaN,NaN,NaN,NaN,NaN,NaN,NaN,85.25493176362926,65.20510107775338,-32.77310924369735,-57.87037037037031
1752049020,168.3,169.5,167.55,169.5,NaN,163.34055912201325,181.75,163.34055912201325,NaN,0,0,168.5252110481785,168.36336469489817,NaN,NaN,NaN,NaN,NaN,NaN,NaN,NaN,NaN,NaN,96.80027227908242,80.74310984418315,-14.285714285714217,-47.68518518518519
1752049080,168.45,168.9,166.35,166.35,NaN,163.34055912201325,181.75,163.34055912201325,NaN,0,0,168.2533096671562,167.96069175591853,NaN,NaN,NaN,NaN,NaN,NaN,NaN,NaN,NaN,NaN,80.47475876984474,87.5099876041855,-63.888888888889134,-76.85185185185188
1752049140,167,167.45,165.55,166.15,NaN,163.34055912201325,181.75,163.34055912201325,NaN,0,0,167.99039595876167,167.59855340473482,NaN,NaN,NaN,NaN,NaN,NaN,NaN,NaN,NaN,NaN,66.38752321251812,81.22085142048178,-67.59259259259262,-78.70370370370362
1752049200,165.55,167,164,164,NaN,163.34055912201325,181.75,163.34055912201325,NaN,0,0,167.49159646391647,166.87884272378784,NaN,NaN,NaN,NaN,NaN,NaN,NaN,NaN,NaN,NaN,33.79927051990116,60.22051750075469,-100,-98.5915492957746
1752049260,164.15,166.45,164.15,164.8,NaN,163.34055912201325,181.75,163.34055912201325,NaN,0,0,167.1551469059269,166.4630741790303,NaN,NaN,NaN,NaN,NaN,NaN,NaN,NaN,NaN,NaN,23.75671273467636,41.31450215569856,-86.20689655172397,-91.07981220657261
1752049320,165,166.3,164.95,165.45,NaN,163.34055912201325,181.75,163.34055912201325,NaN,0,0,166.94200354268602,166.26045934322423,NaN,NaN,NaN,NaN,NaN,NaN,NaN,NaN,NaN,NaN,19.76212577595127,25.772703010176286,-75.00000000000024,-84.61538461538468
1752049380,166,168.15,165.75,168,NaN,163.34055912201325,181.75,163.34055912201325,NaN,0,0,167.07425309985027,166.60836747457938,NaN,NaN,NaN,NaN,NaN,NaN,NaN,NaN,NaN,NaN,49.52178695719917,31.013541822608953,-31.034482758620825,-60.09615384615381
1752049440,167.55,167.55,164.85,164.85,NaN,163.34055912201325,181.75,163.34055912201325,NaN,0,0,166.79622146236898,166.2566939796635,NaN,NaN,NaN,NaN,NaN,NaN,NaN,NaN,NaN,NaN,53.79550063779025,41.026471123646914,-84.54545454545465,-90.38461538461539
1752049500,165.1,166.2,164.6,165.3,NaN,163.34055912201325,181.75,163.34055912201325,NaN,0,0,166.60919377957285,166.06535518373082,NaN,NaN,NaN,NaN,NaN,NaN,NaN,NaN,NaN,NaN,56.21194857679361,53.176412057261025,-76.36363636363616,-86.05769230769215
1752049560,165.2,167.55,164.6,167.3,NaN,163.34055912201325,181.75,163.34055912201325,NaN,0,0,166.69554455712625,166.31228414698467,NaN,NaN,NaN,NaN,NaN,NaN,NaN,NaN,NaN,NaN,54.006961774420155,54.67147032966802,-32.65306122448964,-62.29508196721295
1752049620,167.15,169,167.15,169,NaN,163.34055912201325,181.75,163.34055912201325,NaN,0,0,166.9836014874855,166.84982731758774,NaN,NaN,NaN,NaN,NaN,NaN,NaN,NaN,NaN,NaN,76.10131938829154,62.106743246501786,0,-43.71584699453549
1752049680,169.3,172.75,169.05,170.5,NaN,163.34055912201325,181.75,163.34055912201325,NaN,0,0,167.4231513015498,167.5798618540702,NaN,NaN,NaN,NaN,NaN,NaN,NaN,NaN,NaN,NaN,94.96642168625749,75.02490094965641,-25.714285714285715,-27.322404371584682
1752049740,171,171.8,169.55,170.5,NaN,163.34055912201325,181.75,163.34055912201325,NaN,0,0,167.8077573888561,168.16388948325616,NaN,NaN,NaN,NaN,NaN,NaN,NaN,NaN,NaN,NaN,100,90.35591369151636,-26.162790697674435,-25.28089887640448
1752049800,171.3,173.6,170.95,172.35,NaN,164.33173561713502,181.75,164.33173561713502,NaN,0,0,168.37553771524907,169.00111158660494,NaN,NaN,NaN,NaN,NaN,NaN,NaN,NaN,NaN,NaN,100,98.32214056208585,-13.88888888888889,-12.820512820512821
1752049860,172.35,172.35,168.25,169.8,NaN,164.33173561713502,181.75,164.33173561713502,NaN,0,0,168.55359550084293,169.16088926928396,NaN,NaN,NaN,NaN,NaN,NaN,NaN,NaN,NaN,NaN,88.68560228565427,96.22853409521811,-42.22222222222203,-38.9743589743588
1752049920,169.45,169.85,167.1,167.1,NaN,164.33173561713502,181.75,164.33173561713502,NaN,0,0,168.37189606323756,168.74871141542715,NaN,NaN,NaN,NaN,NaN,NaN,NaN,NaN,NaN,NaN,67.22886759024563,85.30482329196666,-72.22222222222223,-66.66666666666667
1752049980,166.65,166.9,165.4,166.25,NaN,164.33173561713502,181.75,164.33173561713502,NaN,0,0,168.10665905533287,168.24896913234173,NaN,NaN,NaN,NaN,NaN,NaN,NaN,NaN,NaN,NaN,42.83866919009375,66.25104635533124,-81.6666666666666,-75.38461538461533
1752050040,166,167.05,165.6,166,NaN,164.33173561713502,181.75,164.33173561713502,NaN,0,0,167.84332667341627,167.79917530587338,NaN,NaN,NaN,NaN,NaN,NaN,NaN,NaN,NaN,NaN,25.83288753810911,45.30014143948285,-84.44444444444439,-79.16666666666666
1752050100,166.4,166.85,163.4,163.4,NaN,NaN,NaN,NaN,173.03648983533157,0,0,167.28791083923923,166.9193402446987,NaN,NaN,NaN,NaN,NaN,NaN,NaN,NaN,NaN,NaN,13.95628890018441,27.542615209462443,-100,-100
1752050160,163.6,164.35,162.6,163.4,NaN,NaN,NaN,NaN,171.14460156689412,0,0,166.80192198433434,166.21547219575896,NaN,NaN,NaN,NaN,NaN,NaN,NaN,NaN,NaN,NaN,5.01315396700295,14.934110135098846,-92.72727272727262,-92.72727272727262
1752050220,164.1,167.35,164.1,166.95,NaN,NaN,NaN,NaN,171.14460156689412,0,0,166.82043173629256,166.36237775660717,NaN,NaN,NaN,NaN,NaN,NaN,NaN,NaN,NaN,NaN,15.201714176873173,11.390385681353534,-60.4545454545455,-60.4545454545455
1752050280,167.1,167.8,166.2,166.85,NaN,NaN,NaN,NaN,171.14460156689412,1,0,166.824127769256,166.45990220528574,NaN,NaN,NaN,NaN,NaN,NaN,NaN,NaN,NaN,NaN,30.028338115514345,16.747735419796822,-61.36363636363637,-61.36363636363637
1752050340,167,167.1,163.3,163.65,156.839,NaN,178.85,NaN,171.14460156689412,0,0,166.42736179809899,165.89792176422858,NaN,NaN,NaN,NaN,NaN,NaN,NaN,NaN,NaN,NaN,33.770573278535174,26.333541856974232,-89.23076923076911,-90.45454545454535
1752050400,163.85,164.9,163.45,164.5,156.839,NaN,178.85,NaN,171.14460156689412,0,0,166.18644157333662,165.61833741138287,NaN,NaN,NaN,NaN,NaN,NaN,NaN,NaN,NaN,NaN,25.918313317060477,29.905741570369997,-73.79310344827579,-82.72727272727268
1752050460,164.5,164.55,162.6,163.8,156.839,NaN,178.85,NaN,171.13112152923532,0,0,165.88813637666954,165.25466992910629,NaN,NaN,NaN,NaN,NaN,NaN,NaN,NaN,NaN,NaN,16.069009898677137,25.252632164757596,-76.92307692307666,-89.09090909090894
1752050520,163.9,164.6,162.9,164.25,156.839,NaN,178.85,NaN,171.06050937631178,0,0,165.68336932958584,165.05373594328503,NaN,NaN,NaN,NaN,NaN,NaN,NaN,NaN,NaN,NaN,19.371769179037525,20.453030798258382,-68.26923076923076,-84.99999999999994
1752050580,164.4,167.8,164.25,167.45,156.839,NaN,178.85,NaN,171.06050937631178,0,0,165.9041981633876,165.53298875462804,NaN,NaN,NaN,NaN,NaN,NaN,NaN,NaN,NaN,NaN,32.30770327838458,22.582827452033083,-6.730769230769646,-55.90909090909096
1752050640,167.05,168,165.9,168,156.839,NaN,178.85,NaN,171.06050937631178,0,0,166.16617339296414,166.02639100370243,NaN,NaN,NaN,NaN,NaN,NaN,NaN,NaN,NaN,NaN,60.66371609146008,37.44772951629406,0,-50.90909090909086
1752050700,167.65,173,165.75,166.6,156.839,NaN,178.85,NaN,171.06050937631178,0,0,166.22040171884362,166.14111280296194,NaN,NaN,NaN,NaN,NaN,NaN,NaN,NaN,NaN,NaN,78.21795379971181,57.063124389852156,-61.53846153846156,-63.63636363636363
1752050760,166.45,166.45,161,163,156.839,NaN,178.85,NaN,171.06050937631178,0,0,165.81785150398815,165.51289024236956,NaN,NaN,NaN,NaN,NaN,NaN,NaN,NaN,NaN,NaN,63.48546641348997,67.45571210155396,-83.33333333333333,-84.12698412698413
1752050820,163.4,164,151.8,153.7,NaN,NaN,NaN,NaN,170.30854918161833,0,0,164.30312006598962,163.15031219389564,NaN,NaN,NaN,NaN,NaN,NaN,NaN,NaN,NaN,NaN,30.152133080156645,57.28518443111947,-91.0377358490567,-91.28440366972487
1752050880,153.8,157.7,152.6,155.1,NaN,NaN,NaN,NaN,167.84769426345648,0,0,163.1527300577409,161.54024975511652,NaN,NaN,NaN,NaN,NaN,NaN,NaN,NaN,NaN,NaN,10.11900789802573,34.58553579722411,-84.433962264151,-84.86238532110099
1752050940,154.9,158.8,153.6,157.8,NaN,NaN,NaN,NaN,167.84769426345648,0,0,162.4836388005233,160.79219980409323,NaN,NaN,NaN,NaN,NaN,NaN,NaN,NaN,NaN,NaN,17.371055878117833,19.214065618766735,-71.69811320754715,-72.47706422018346
1752051000,157.65,160.2,156.75,159.5,NaN,NaN,NaN,NaN,167.84769426345648,1,0,162.11068395045788,160.5337598432746,NaN,NaN,NaN,NaN,NaN,NaN,NaN,NaN,NaN,NaN,34.979059716325054,20.823041164156205,-63.6792452830189,-64.67889908256883
1752051060,159.3,160.5,157.9,159.95,149.92999999999998,NaN,171.5,NaN,167.84769426345648,0,0,161.84059845665064,160.41700787461969,NaN,NaN,NaN,NaN,NaN,NaN,NaN,NaN,NaN,NaN,49.2920372192614,33.8807176045681,-61.55660377358499,-62.61467889908264
1752051120,159.35,161.55,157.2,160.95,149.92999999999998,NaN,171.5,NaN,167.84769426345648,0,0,161.7292736495693,160.52360629969576,NaN,NaN,NaN,NaN,NaN,NaN,NaN,NaN,NaN,NaN,58.25001183344011,47.50703625634219,-56.83962264150952,-58.027522935779885
1752051180,161.2,161.2,153.5,154.95,149.92999999999998,NaN,171.5,NaN,167.84769426345648,0,0,160.88186444337313,159.4088850397566,NaN,NaN,NaN,NaN,NaN,NaN,NaN,NaN,NaN,NaN,50.469512241977554,52.67052043155969,-85.14150943396237,-85.55045871559642
1752051240,155.45,157.8,147.45,147.45,NaN,NaN,NaN,NaN,167.7829732370656,0,0,159.2028813879515,157.01710803180526,NaN,NaN,NaN,NaN,NaN,NaN,NaN,NaN,NaN,NaN,31.59042776953918,46.76998394831895,-100,-100
1752051300,146.25,150.55,142.05,150.55,NaN,NaN,NaN,NaN,162.49217591335906,0,0,158.12127121445755,155.7236864254442,NaN,NaN,NaN,NaN,NaN,NaN,NaN,NaN,NaN,NaN,17.903970786812224,33.321303599442984,-61.275626423690184,-73.05863708399364
1752051360,151.2,152.7,148.3,148.3,NaN,NaN,NaN,NaN,162.49217591335906,0,0,156.89361231265036,154.23894914035537,NaN,NaN,NaN,NaN,NaN,NaN,NaN,NaN,NaN,NaN,13.23622176753135,20.910206774627582,-67.94871794871794,-80.19017432646591
1752051420,149.15,151.2,135.25,139.35,NaN,NaN,NaN,NaN,162.3136624898208,0,0,154.70066077356907,151.2611593122843,NaN,NaN,NaN,NaN,NaN,NaN,NaN,NaN,NaN,NaN,13.236221767531353,14.792138107291642,-84.41064638783273,-89.30899608865712
1752051480,139,144.55,136.65,143.85,NaN,NaN,NaN,NaN,160.14979624083875,0,0,153.34432817687292,149.77892744982742,NaN,NaN,NaN,NaN,NaN,NaN,NaN,NaN,NaN,NaN,15.591274704796028,14.021239413286244,-67.30038022813692,-77.21854304635762
1752051540,144.9,144.9,138.35,138.35,NaN,NaN,NaN,NaN,160.14979624083875,0,0,151.47003715476382,147.49314195986193,NaN,NaN,NaN,NaN,NaN,NaN,NaN,NaN,NaN,NaN,16.626657973649777,15.15138481532572,-88.21292775665403,-91.78807947019868
1752051600,137.45,137.45,128,129.4,NaN,NaN,NaN,NaN,153.43383495507936,0,0,148.71128251041833,143.87451356788955,NaN,NaN,NaN,NaN,NaN,NaN,NaN,NaN,NaN,NaN,16.626657973649777,16.281530217365194,-95.82712369597614,-96.88888888888887
1752051660,129.4,133.3,125,133.3,NaN,NaN,NaN,NaN,150.27795145957145,0,0,146.78487219661605,141.75961085431163,NaN,NaN,NaN,NaN,NaN,NaN,NaN,NaN,NaN,NaN,15.24919019307436,16.167502046791306,-77.07182320441986,-82.70833333333331
1752051720,133.6,138.1,133.5,135.75,NaN,NaN,NaN,NaN,150.27795145957145,1,0,145.40551317203904,140.5576886834493,NaN,NaN,NaN,NaN,NaN,NaN,NaN,NaN,NaN,NaN,23.507552676370718,18.461133614364954,-67.22560975609757,-77.60416666666667
1752051780,134.4,134.95,128.75,130.6,127.60499999999999,NaN,147.75,NaN,150.27795145957145,0,0,143.55482402553415,138.56615094675945,NaN,NaN,NaN,NaN,NaN,NaN,NaN,NaN,NaN,NaN,32.685882336463244,23.81420840196944,-79.78339350180507,-88.33333333333336
1752051840,130,132.35,119,119.1,NaN,NaN,NaN,NaN,148.13867661402756,0,0,140.49797102234237,134.67292075740755,NaN,NaN,NaN,NaN,NaN,NaN,NaN,NaN,NaN,NaN,23.631830639706422,26.60842188418013,-99.70326409495551,-99.81481481481484
1752051900,118.4,129.15,118.4,128,NaN,NaN,NaN,NaN,147.21730895262482,0,0,138.93572464454957,133.33833660592603,NaN,NaN,NaN,NaN,NaN,NaN,NaN,NaN,NaN,NaN,25.835103942691575,27.384272306287084,-70.73170731707317,-82.41758241758242
1752051960,128.4,129.65,126.45,127.5,NaN,NaN,NaN,NaN,147.21730895262482,0,0,137.50625906398088,132.17066928474082,NaN,NaN,NaN,NaN,NaN,NaN,NaN,NaN,NaN,NaN,44.463137251993935,31.310023944797308,-65.66037735849058,-83.33333333333334
1752052020,127.4,137.15,127.1,137.15,NaN,NaN,NaN,NaN,147.21730895262482,1,0,137.46172668098328,133.16653542779267,NaN,NaN,NaN,NaN,NaN,NaN,NaN,NaN,NaN,NaN,77.79647058532727,49.36490392667093,-29.245283018867923,-65.65934065934066
1752052080,137.2,137.2,126.45,128.1,NaN,NaN,NaN,NaN,147.21730895262482,0,0,136.29151084586036,132.15322834223414,NaN,NaN,NaN,NaN,NaN,NaN,NaN,NaN,NaN,NaN,84.86416325021185,69.04125702917769,-50.76142131979698,-82.23443223443226
1752052140,128.8,134.5,128.1,134.1,NaN,NaN,NaN,NaN,147.21730895262482,1,0,136.0175719901278,132.5425826737873,NaN,NaN,NaN,NaN,NaN,NaN,NaN,NaN,NaN,NaN,89.57539700773833,84.07867694775915,-20.304568527918793,-71.24542124542126
1752052200,133.3,135.5,131.1,131.35,126.05399999999999,NaN,146.1,NaN,147.21730895262482,0,0,135.43412549136184,132.30406613902986,NaN,NaN,NaN,NaN,NaN,NaN,NaN,NaN,NaN,NaN,85.81346944261463,86.75100990018827,-34.263959390862965,-76.28205128205131
1752052260,131.55,133.1,130.15,130.15,126.05399999999999,NaN,146.1,NaN,147.21730895262482,0,0,134.7736098049416,131.8732529112239,NaN,NaN,NaN,NaN,NaN,NaN,NaN,NaN,NaN,NaN,90.35538331490507,88.58141658841934,-37.49999999999994,-78.47985347985347
1752052320,130.25,131.4,126.05,126.55,NaN,NaN,NaN,NaN,147.21730895262482,0,0,133.7456585793239,130.8086023289791,NaN,NaN,NaN,NaN,NaN,NaN,NaN,NaN,NaN,NaN,82.19697801615129,86.12194359122367,-56.64893617021277,-85.07326007326009
1752052380,127.45,128.1,124.4,124.85,NaN,NaN,NaN,NaN,145.80027721979442,0,0,132.6337012569084,129.6168818631833,NaN,NaN,NaN,NaN,NaN,NaN,NaN,NaN,NaN,NaN,75.1609096886006,82.57109033988566,-65.69148936170217,-86.57648283038503
1752052440,125.4,128.95,123.6,128.5,NaN,NaN,NaN,NaN,145.47524949781496,1,0,132.11698859979487,129.39350549054663,NaN,NaN,NaN,NaN,NaN,NaN,NaN,NaN,NaN,NaN,75.80207211017789,77.7199866049766,-63.97058823529406,-77.85087719298247
1752052500,129.05,129.05,124.35,124.35,120.78999999999999,NaN,140.5,NaN,145.39022454803347,0,0,131.14611502482052,128.3848043924373,NaN,NaN,NaN,NaN,NaN,NaN,NaN,NaN,NaN,NaN,75.51823521868143,75.49373900581996,-94.48529411764706,-86.21089223638474
1752052560,124.85,125.15,119.25,120.75,NaN,NaN,NaN,NaN,140.79120209323014,0,0,129.84660064671795,126.85784351394985,NaN,NaN,NaN,NaN,NaN,NaN,NaN,NaN,NaN,NaN,73.10689097605487,74.80906610163807,-91.6434540389972,-94.55388180764776
1752052620,121.85,125.9,121.05,124.8,NaN,NaN,NaN,NaN,140.79120209323014,0,0,129.2157755658782,126.44627481115988,NaN,NaN,NaN,NaN,NaN,NaN,NaN,NaN,NaN,NaN,71.69151058722913,73.43887892732181,-65.84615384615385,-85.16801853997684
1752052680,125.2,125.8,120,120.55,NaN,NaN,NaN,NaN,140.79120209323014,0,0,128.13255362014343,125.2670198489279,NaN,NaN,NaN,NaN,NaN,NaN,NaN,NaN,NaN,NaN,58.845961874017036,67.88145447910034,-92.00000000000001,-95.01738122827349
1752052740,121.4,123.5,120.2,123.2,NaN,NaN,NaN,NaN,139.21043632596476,0,0,127.5159844176255,124.85361587914232,NaN,NaN,NaN,NaN,NaN,NaN,NaN,NaN,NaN,NaN,59.894156821288426,63.47720976084486,-71.4801444043321,-88.87601390498263
1752052800,122.6,126.5,120.55,120.75,NaN,NaN,NaN,NaN,139.21043632596476,0,0,126.67023636542231,124.03289270331386,NaN,NaN,NaN,NaN,NaN,NaN,NaN,NaN,NaN,NaN,43.20956292068075,53.983227205328724,-87.65432098765432,-94.50934579439254
1752052860,120.95,126.1,119.6,125.35,NaN,NaN,NaN,NaN,139.21043632596476,0,0,126.50520681974453,124.29631416265109,NaN,NaN,NaN,NaN,NaN,NaN,NaN,NaN,NaN,NaN,65.31309043055505,56.13893672417473,-37.75510204081645,-82.36040609137059
1752052920,125.4,125.4,121.9,123.5,NaN,NaN,NaN,NaN,139.21043632596476,0,0,126.12955596727646,124.13705133012087,NaN,NaN,NaN,NaN,NaN,NaN,NaN,NaN,NaN,NaN,70.86720623633114,59.7966198625223,-56.63265306122454,-85.13119533527698
1752052980,123.6,123.6,108,111.6,NaN,NaN,NaN,NaN,135.6959472734655,0,0,124.3133614713669,121.62964106409669,NaN,NaN,NaN,NaN,NaN,NaN,NaN,NaN,NaN,NaN,60.05963728441319,65.41331131709977,-82.89786223277913,-91.94630872483222
1752053040,110.85,120.35,110.85,119.6,NaN,NaN,NaN,NaN,135.6959472734655,1,0,123.72419128744605,121.22371285127736,NaN,NaN,NaN,NaN,NaN,NaN,NaN,NaN,NaN,NaN,54.601149818738655,61.84266444649432,-37.29729729729733,-73.14814814814815
1752053100,120.15,120.45,117.35,117.35,112.42399999999999,NaN,131.6,NaN,135.6959472734655,0,0,122.9274173765153,120.44897028102189,NaN,NaN,NaN,NaN,NaN,NaN,NaN,NaN,NaN,NaN,50.525969958896816,55.0622523540162,-49.45945945945949,-74.66124661246614
1752053160,118.8,125.45,118.8,124.85,112.42399999999999,NaN,131.6,NaN,135.6959472734655,0,0,123.16774020445088,121.3291762248175,NaN,NaN,NaN,NaN,NaN,NaN,NaN,NaN,NaN,NaN,83.85930329223015,62.99547435662188,-8.91891891891895,-54.33604336043363
1752053220,123.85,125.4,123.2,124.55,112.42399999999999,NaN,131.6,NaN,135.6959472734655,0,0,123.34052267889452,121.973340979854,NaN,NaN,NaN,NaN,NaN,NaN,NaN,NaN,NaN,NaN,88.73789878288329,74.37439067800342,-10.540540540540556,-45.01661129568107
1752053280,124.75,125.35,122.45,123,112.42399999999999,NaN,131.6,NaN,135.6959472734655,0,0,123.2979573440327,122.1786727838832,NaN,NaN,NaN,NaN,NaN,NaN,NaN,NaN,NaN,NaN,95.71316233445441,89.43678813652262,-18.91891891891892,-50.16611295681063
1752053340,124.05,127.3,123.25,126,112.42399999999999,NaN,131.6,NaN,135.6959472734655,0,0,123.6357126760286,122.94293822710657,NaN,NaN,NaN,NaN,NaN,NaN,NaN,NaN,NaN,NaN,95.71316233445441,93.38807448393071,-6.735751295336774,-40.19933554817275
1752053400,128,136.5,128,131.7,NaN,NaN,NaN,NaN,135.6959472734655,0,0,124.64374859152502,124.69435058168526,NaN,NaN,NaN,NaN,NaN,NaN,NaN,NaN,NaN,NaN,96.29305430947583,95.90645965946156,-16.842105263157933,-18.835616438356173
1752053460,132.8,133.05,129.8,132.4,NaN,NaN,NaN,NaN,135.6959472734655,0,0,125.6132800175844,126.2354804653482,NaN,NaN,NaN,NaN,NaN,NaN,NaN,NaN,NaN,NaN,100,97.33540554797675,-14.385964912280683,-16.43835616438351
1752053520,132.6,132.8,128.55,129.9,NaN,NaN,NaN,NaN,135.6959472734655,0,0,126.14912001538636,126.96838437227856,NaN,NaN,NaN,NaN,NaN,NaN,NaN,NaN,NaN,NaN,95.8515954198162,97.38154990976402,-25.730994152046755,-24.99999999999995
1752053580,130.75,131.05,125.1,125.15,NaN,NaN,NaN,NaN,135.6959472734655,0,0,126.02423001346307,126.60470749782286,NaN,NaN,NaN,NaN,NaN,NaN,NaN,NaN,NaN,NaN,84.29848072635697,93.38335871539107,-59.26892950391641,-41.26712328767119
1752053640,124.75,128.5,124.75,127,NaN,NaN,NaN,NaN,135.6959472734655,0,0,126.14620126178019,126.68376599825828,NaN,NaN,NaN,NaN,NaN,NaN,NaN,NaN,NaN,NaN,75.80275472740284,85.31761029119201,-53.67231638418078,-34.93150684931504
1752053700,128.25,129.45,127.15,127.7,NaN,NaN,NaN,NaN,135.6959472734655,0,0,126.34042610405767,126.88701279860662,NaN,NaN,NaN,NaN,NaN,NaN,NaN,NaN,NaN,NaN,72.64124493847216,77.58082679741067,-62.63345195729537,-32.53424657534243
1752053760,127.95,128.7,126,128.15,NaN,NaN,NaN,NaN,135.6959472734655,0,0,126.56662284105046,127.1396102388853,NaN,NaN,NaN,NaN,NaN,NaN,NaN,NaN,NaN,NaN,77.68619758972578,75.37673241853359,-59.430604982206376,-29.298245614035068
1752053820,128.6,130.15,127.5,130.15,NaN,NaN,NaN,NaN,135.6959472734655,0,0,127.01454498591916,127.74168819110824,NaN,NaN,NaN,NaN,NaN,NaN,NaN,NaN,NaN,NaN,81.9318722606925,77.41977159629683,-47.92452830188675,-22.280701754385944
1752053880,130.3,132.65,125.9,125.9,NaN,NaN,NaN,NaN,135.6959472734655,0,0,126.87522686267927,127.37335055288659,NaN,NaN,NaN,NaN,NaN,NaN,NaN,NaN,NaN,NaN,73.19114351269569,77.603071121038,-90.21276595744676,-37.192982456140335
1752053940,126.85,128.15,122.35,124.9,NaN,NaN,NaN,NaN,135.6959472734655,0,0,126.62832350484436,126.87868044230927,NaN,NaN,NaN,NaN,NaN,NaN,NaN,NaN,NaN,NaN,49.2122357769372,68.11175051677515,-76.16822429906536,-40.7017543859649
1752054000,126.5,130.3,126.45,128.8,NaN,NaN,NaN,NaN,135.6959472734655,0,0,126.89978306673882,127.26294435384742,NaN,NaN,NaN,NaN,NaN,NaN,NaN,NaN,NaN,NaN,41.56944976004522,54.65760968322605,-38.277511961722425,-27.017543859649084
1752054060,128.95,129.7,127.4,128.45,NaN,NaN,NaN,NaN,135.6959472734655,0,0,127.09356018339646,127.50035548307793,NaN,NaN,NaN,NaN,NaN,NaN,NaN,NaN,NaN,NaN,44.016925642064486,44.93287039301564,-40.776699029126334,-28.24561403508776
1752054120,128.55,130.1,127.6,127.6,NaN,NaN,NaN,NaN,135.6959472734655,0,0,127.15686516047191,127.52028438646234,NaN,NaN,NaN,NaN,NaN,NaN,NaN,NaN,NaN,NaN,54.88358404297113,46.823319815026956,-49.02912621359229,-31.228070175438617
1752054180,128.85,129.55,127,127.5,NaN,NaN,NaN,NaN,135.6959472734655,0,0,127.19975701541293,127.51622750916987,NaN,NaN,NaN,NaN,NaN,NaN,NaN,NaN,NaN,NaN,46.56889550442537,48.489801729820336,-50,-31.57894736842105
1752054240,129.25,129.25,125.8,126.85,NaN,NaN,NaN,NaN,135.6959472734655,0,0,127.15603738848631,127.3829820073359,NaN,NaN,NaN,NaN,NaN,NaN,NaN,NaN,NaN,NaN,35.941305645635275,45.797928397677275,-56.310679611650535,-33.859649122807035
1752054300,127.55,129.95,127.55,129.95,NaN,NaN,NaN,NaN,135.6959472734655,0,0,127.50528271492553,127.89638560586872,NaN,NaN,NaN,NaN,NaN,NaN,NaN,NaN,NaN,NaN,55.56171702269273,46.02397272425114,-26.213592233009845,-22.982456140350916
1752054360,129.8,130.2,124.9,124.9,NaN,NaN,NaN,NaN,135.6959472734655,0,0,127.17962237555983,127.29710848469497,NaN,NaN,NaN,NaN,NaN,NaN,NaN,NaN,NaN,NaN,42.43590957278452,44.64631074703752,-75.24271844660186,-40.7017543859649
1752054420,125.9,126.5,123.05,123.05,NaN,NaN,NaN,NaN,135.6959472734655,0,0,126.66341957861485,126.44768678775598,NaN,NaN,NaN,NaN,NaN,NaN,NaN,NaN,NaN,NaN,33.33333333333332,43.77698664293687,-91.19496855345909,-47.192982456140356
1752054480,123.95,124.3,119.45,121.5,NaN,NaN,NaN,NaN,134.6555542643263,0,0,126.017992131288,125.45814943020478,NaN,NaN,NaN,NaN,NaN,NaN,NaN,NaN,NaN,NaN,0,25.25641430203929,-81.10599078341018,-52.63157894736842
1752054540,121.65,122.8,121,121.75,NaN,NaN,NaN,NaN,133.94249883789368,0,0,125.484493114877,124.71651954416383,NaN,NaN,NaN,NaN,NaN,NaN,NaN,NaN,NaN,NaN,1.2766783750120088,11.536670569448455,-78.6046511627907,-51.75438596491228
1752054600,122.2,126,122.2,125.55,NaN,NaN,NaN,NaN,133.94249883789368,0,0,125.49268147551737,124.88321563533107,NaN,NaN,NaN,NaN,NaN,NaN,NaN,NaN,NaN,NaN,21.067993751626275,7.448224042212772,-43.25581395348835,-38.42105263157895
1752054660,125.55,129,125.55,128.25,NaN,NaN,NaN,NaN,133.94249883789368,0,0,125.8373462910777,125.55657250826485,NaN,NaN,NaN,NaN,NaN,NaN,NaN,NaN,NaN,NaN,52.54259302960467,24.962421718747663,-18.13953488372085,-32.16374269005847
1752054720,127.95,128.8,125.8,125.85,NaN,NaN,NaN,NaN,133.94249883789368,0,0,125.83892800469297,125.61525800661188,NaN,NaN,NaN,NaN,NaN,NaN,NaN,NaN,NaN,NaN,72.09379978707075,48.56812885610058,-40.46511627906977,-55.6135770234987
1752054780,126.6,127.5,125,127.3,NaN,NaN,NaN,NaN,133.94249883789368,0,0,126.02156200410636,125.9522064052895,NaN,NaN,NaN,NaN,NaN,NaN,NaN,NaN,NaN,NaN,79.58317630766692,68.07318970811413,-26.976744186046467,-51.97740112994351
1752054840,127.4,128.35,124.9,125.85,NaN,NaN,NaN,NaN,133.94249883789368,0,0,126.00011675359306,125.9317651242316,NaN,NaN,NaN,NaN,NaN,NaN,NaN,NaN,NaN,NaN,68.73805459498773,73.47167689657515,-40.46511627906977,-62.46334310850444
1752054900,126.9,129,126.4,126.85,NaN,NaN,NaN,NaN,133.94249883789368,0,0,126.10635215939394,126.11541209938528,NaN,NaN,NaN,NaN,NaN,NaN,NaN,NaN,NaN,NaN,73.3277873873714,73.88300609667536,-22.513089005235667,-56.59824046920826
1752054960,127.45,127.65,123.6,124,NaN,NaN,NaN,NaN,133.94249883789368,0,0,125.84305813946969,125.69232967950822,NaN,NaN,NaN,NaN,NaN,NaN,NaN,NaN,NaN,NaN,58.22914969286262,66.76499722507393,-52.35602094240839,-73.31378299120236
1752055020,124.4,125.1,122.85,122.85,NaN,NaN,NaN,NaN,133.94249883789368,0,0,125.46892587203598,125.12386374360658,NaN,NaN,NaN,NaN,NaN,NaN,NaN,NaN,NaN,NaN,44.72720408884257,58.761380389692214,-76.87500000000007,-80.05865102639301
1752055080,123.1,123.35,120.15,120.4,NaN,NaN,NaN,NaN,132.3001766728087,0,0,124.83531013803149,124.17909099488526,NaN,NaN,NaN,NaN,NaN,NaN,NaN,NaN,NaN,NaN,19.30958616398083,40.75531331522869,-97.17514124293785,-93.01470588235291
1752055140,120.4,120.65,115.55,116.9,NaN,NaN,NaN,NaN,129.12515900552782,0,0,123.84339637077755,122.7232727959082,NaN,NaN,NaN,NaN,NaN,NaN,NaN,NaN,NaN,NaN,7.127531961279186,23.721440738034214,-89.96282527881036,-92.17391304347821